"id","dt","group","round"
"1000039","2023-02-04","B","36.65"
"1000045","2023-01-30","B","51.58"
"1000071","2023-02-02","B","6.71"
"1000101","2023-02-05","B","5.67"
"1000101","2023-02-02","B","18.13"
"1000123","2023-01-26","B","100.74"
"1000141","2023-01-25","A","11.49"
"1000160","2023-01-29","A","35.34"
"1000162","2023-01-27","A","52.92"
"1000185","2023-02-06","B","53.07"
"1000200","2023-01-26","A","166.32"
"1000237","2023-01-29","B","13.17"
"1000253","2023-02-06","B","40.32"
"1000261","2023-01-25","A","205.98"
"1000269","2023-01-25","A","116.29"
"1000415","2023-02-05","B","57.69"
"1000417","2023-02-04","B","45.06"
"1000436","2023-01-29","B","25.55"
"1000454","2023-02-03","B","39.09"
"1000510","2023-02-02","B","16.92"
"1000523","2023-02-04","A","89.64"
"1000546","2023-01-29","A","61.12"
"1000579","2023-02-04","B","117.79"
"1000601","2023-01-25","A","10.79"
"1000623","2023-01-27","A","61.29"
"1000635","2023-01-25","B","69.21"
"1000653","2023-02-06","A","61.84"
"1000669","2023-01-29","A","176.83"
"1000675","2023-01-25","B","68.34"
"1000857","2023-01-28","A","8.33"
"1000863","2023-01-30","A","45.91"
"1000868","2023-01-29","A","45.92"
"1000883","2023-01-26","A","65.10"
"1000908","2023-01-26","B","78.70"
"1000930","2023-01-27","A","114.56"
"1000937","2023-01-27","B","122.28"
"1000938","2023-01-27","A","48.48"
"1000945","2023-02-01","A","41.06"
"1001016","2023-01-25","B","63.01"
"1001037","2023-01-31","B","879.10"
"1001039","2023-02-06","B","31.45"
"1001052","2023-01-25","A","47.86"
"1001090","2023-01-27","A","84.51"
"1001091","2023-01-28","A","47.78"
"1001128","2023-01-28","B","35.57"
"1001137","2023-01-27","B","101.75"
"1001155","2023-02-04","A","58.76"
"1001185","2023-02-02","B","2.63"
"1001185","2023-01-28","B","14.56"
"1001200","2023-01-27","B","24.47"
"1001206","2023-01-27","B","67.11"
"1001248","2023-01-25","B","48.60"
"1001298","2023-01-28","A","75.93"
"1001424","2023-01-29","B","69.73"
"1001425","2023-01-25","B","309.80"
"1001461","2023-01-29","A","50.02"
"1001477","2023-01-25","B","106.65"
"1001493","2023-01-26","B","16.78"
"1001500","2023-02-05","B","31.90"
"1001500","2023-01-31","B","42.32"
"1001501","2023-02-06","B","126.67"
"1001531","2023-01-31","B","45.89"
"1001541","2023-01-28","B","79.98"
"1001591","2023-01-26","A","76.73"
"1001606","2023-01-27","B","18.63"
"1001622","2023-02-03","A","66.10"
"1001656","2023-01-26","B","42.08"
"1001682","2023-01-28","B","23.51"
"1001685","2023-01-29","B","83.37"
"1001723","2023-01-28","B","58.34"
"1001725","2023-01-30","A","38.55"
"1001728","2023-01-26","B","107.63"
"1001767","2023-02-06","B","52.49"
"1001811","2023-01-25","A","126.86"
"1001827","2023-01-31","B","122.48"
"1001833","2023-01-29","B","111.02"
"1001842","2023-02-01","A","45.97"
"1001855","2023-01-28","A","53.99"
"1001855","2023-01-25","A","96.60"
"1001933","2023-02-02","A","36.20"
"1001934","2023-01-26","A","105.29"
"1001946","2023-01-26","A","115.92"
"1001949","2023-01-25","B","74.71"
"1001962","2023-01-27","B","138.38"
"1001975","2023-01-27","A","61.10"
"1001993","2023-02-04","B","58.66"
"1002010","2023-01-29","B","45.23"
"1002055","2023-02-04","B","28.77"
"1002056","2023-01-26","A","55.48"
"1002061","2023-01-31","B","67.95"
"1002070","2023-01-26","A","49.39"
"1002163","2023-02-02","A","274.29"
"1002198","2023-01-25","A","34.59"
"1002223","2023-01-25","A","41.45"
"1002263","2023-01-26","B","54.28"
"1002316","2023-01-28","A","126.25"
"1002348","2023-01-26","A","26.69"
"1002400","2023-01-25","A","28.30"
"1002430","2023-01-25","B","38.94"
"1002492","2023-02-04","A","188.92"
"1002509","2023-01-27","A","46.55"
"1002531","2023-01-25","B","30.77"
"1002535","2023-02-02","A","109.17"
"1002550","2023-01-25","B","125.83"
"1002553","2023-01-26","A","37.13"
"1002557","2023-01-28","A","41.62"
"1002572","2023-02-06","B","50.50"
"1002664","2023-02-04","A","27.84"
"1002664","2023-02-03","A","88.79"
"1002727","2023-01-26","B","31.59"
"1002748","2023-02-04","A","59.33"
"1002751","2023-01-26","B","111.81"
"1002779","2023-01-31","B","27.64"
"1002794","2023-01-26","B","17.17"
"1002807","2023-02-02","A","178.88"
"1002814","2023-01-31","B","78.81"
"1002873","2023-02-06","B","92.72"
"1002892","2023-02-02","B","54.37"
"1002937","2023-01-25","A","29.14"
"1002977","2023-02-04","A","11.85"
"1002977","2023-01-30","A","15.60"
"1002983","2023-02-01","B","46.68"
"1002988","2023-02-01","A","51.57"
"1002988","2023-01-30","A","120.05"
"1002992","2023-01-25","B","25.80"
"1002998","2023-01-25","A","71.48"
"1003011","2023-01-31","A","18.90"
"1003061","2023-01-26","B","135.31"
"1003105","2023-01-25","A","74.87"
"1003127","2023-02-05","B","139.73"
"1003142","2023-01-31","A","77.71"
"1003148","2023-01-30","B","182.71"
"1003153","2023-01-26","B","79.76"
"1003168","2023-01-29","B","91.16"
"1003174","2023-01-30","A","86.70"
"1003174","2023-01-28","A","100.82"
"1003206","2023-01-30","A","50.03"
"1003221","2023-01-26","B","73.97"
"1003248","2023-02-03","B","59.93"
"1003280","2023-01-26","A","8.33"
"1003347","2023-01-31","B","105.51"
"1003376","2023-01-25","B","67.36"
"1003395","2023-01-29","A","102.44"
"1003440","2023-02-01","B","172.96"
"1003452","2023-02-05","A","46.62"
"1003488","2023-01-26","A","255.66"
"1003516","2023-01-30","B","61.73"
"1003519","2023-01-25","B","37.96"
"1003569","2023-01-26","B","41.89"
"1003595","2023-02-01","B","18.11"
"1003616","2023-01-26","B","84.20"
"1003640","2023-01-27","A","16.62"
"1003663","2023-01-25","A","164.36"
"1003681","2023-02-04","B","22.51"
"1003697","2023-01-25","A","85.52"
"1003699","2023-01-26","B","7.54"
"1003759","2023-02-01","A","12.27"
"1003766","2023-01-28","A","83.97"
"1003802","2023-01-25","B","38.98"
"1003816","2023-02-06","A","173.55"
"1003823","2023-01-26","A","40.21"
"1003831","2023-01-27","A","46.81"
"1003875","2023-01-26","B","233.25"
"1003914","2023-01-25","B","93.94"
"1003930","2023-01-28","A","80.17"
"1003941","2023-01-27","A","844.70"
"1003959","2023-01-30","A","19.06"
"1004013","2023-02-05","B","22.98"
"1004042","2023-01-27","B","56.62"
"1004076","2023-01-27","A","33.37"
"1004076","2023-01-26","A","64.31"
"1004078","2023-01-27","B","160.82"
"1004090","2023-02-01","B","14.53"
"1004090","2023-01-27","B","37.06"
"1004101","2023-01-27","A","79.23"
"1004106","2023-01-31","A","49.55"
"1004128","2023-01-30","B","15.46"
"1004133","2023-01-26","B","190.37"
"1004134","2023-02-03","B","50.37"
"1004174","2023-01-27","A","42.54"
"1004201","2023-01-26","A","74.15"
"1004202","2023-01-28","A","67.12"
"1004239","2023-01-25","B","22.73"
"1004241","2023-01-26","A","95.01"
"1004270","2023-01-26","B","19.94"
"1004284","2023-01-28","B","77.25"
"1004313","2023-01-25","A","105.71"
"1004324","2023-02-01","B","56.25"
"1004325","2023-01-29","B","161.46"
"1004362","2023-01-28","A","92.13"
"1004444","2023-01-26","B","52.60"
"1004454","2023-02-03","B","75.07"
"1004456","2023-01-28","B","29.21"
"1004512","2023-02-05","B","49.17"
"1004532","2023-01-30","B","51.20"
"1004578","2023-01-28","B","17.49"
"1004612","2023-01-25","B","27.62"
"1004623","2023-02-04","A","39.16"
"1004743","2023-02-06","B","71.80"
"1004746","2023-02-06","B","64.58"
"1004755","2023-02-04","A","77.39"
"1004772","2023-01-25","B","128.91"
"1004774","2023-02-03","B","63.59"
"1004777","2023-01-27","B","32.54"
"1004782","2023-01-26","A","145.60"
"1004828","2023-01-27","B","33.68"
"1004843","2023-01-27","B","144.72"
"1004849","2023-02-02","B","12.58"
"1004897","2023-01-29","B","116.22"
"1004902","2023-01-28","B","35.86"
"1004908","2023-01-30","A","41.89"
"1004930","2023-01-31","A","21.36"
"1004985","2023-01-27","B","73.98"
"1004990","2023-02-03","B","44.04"
"1004990","2023-02-01","B","141.00"
"1005021","2023-01-27","A","53.21"
"1005045","2023-02-06","B","119.72"
"1005080","2023-01-27","A","57.31"
"1005084","2023-01-28","A","147.63"
"1005100","2023-01-25","B","71.97"
"1005159","2023-01-28","B","60.23"
"1005162","2023-01-27","B","74.95"
"1005204","2023-02-06","B","10.52"
"1005242","2023-02-01","B","5.15"
"1005242","2023-01-29","B","46.48"
"1005248","2023-02-03","B","59.22"
"1005286","2023-01-27","B","46.26"
"1005294","2023-01-26","A","46.14"
"1005312","2023-01-27","B","85.32"
"1005381","2023-01-28","B","5.94"
"1005381","2023-01-26","B","17.35"
"1005391","2023-01-31","A","54.11"
"1005432","2023-02-02","A","65.36"
"1005514","2023-01-27","A","50.81"
"1005530","2023-02-05","A","35.57"
"1005563","2023-01-28","A","106.92"
"1005593","2023-01-25","B","114.15"
"1005662","2023-01-31","B","58.10"
"1005676","2023-02-03","A","7.79"
"1005676","2023-02-02","A","52.34"
"1005689","2023-01-25","B","33.52"
"1005712","2023-01-28","A","162.60"
"1005742","2023-01-26","A","52.04"
"1005760","2023-02-03","B","42.82"
"1005793","2023-02-05","B","56.73"
"1005816","2023-02-01","B","43.52"
"1005820","2023-01-31","A","61.56"
"1005885","2023-01-29","B","45.09"
"1005885","2023-01-26","B","176.76"
"1005912","2023-01-25","B","47.43"
"1005931","2023-01-31","A","68.31"
"1005960","2023-01-30","A","89.59"
"1005994","2023-02-05","B","8.69"
"1005999","2023-01-26","B","44.29"
"1006030","2023-01-28","B","55.99"
"1006106","2023-01-27","A","40.74"
"1006113","2023-01-29","A","11.76"
"1006119","2023-01-27","B","57.50"
"1006127","2023-01-25","B","100.34"
"1006140","2023-02-06","A","87.70"
"1006149","2023-01-25","A","18.33"
"1006152","2023-01-31","A","61.54"
"1006156","2023-02-01","B","29.49"
"1006156","2023-01-28","B","47.84"
"1006191","2023-01-26","B","29.97"
"1006224","2023-02-05","B","59.97"
"1006239","2023-01-25","A","118.93"
"1006245","2023-01-27","A","34.08"
"1006254","2023-02-06","B","70.65"
"1006261","2023-02-06","B","81.83"
"1006270","2023-01-29","B","21.18"
"1006280","2023-01-27","A","72.31"
"1006290","2023-01-26","B","215.99"
"1006365","2023-01-26","A","33.83"
"1006366","2023-01-28","B","116.95"
"1006370","2023-01-28","B","67.62"
"1006403","2023-02-01","B","62.27"
"1006417","2023-01-25","B","58.12"
"1006421","2023-01-27","A","22.74"
"1006499","2023-02-06","B","36.43"
"1006543","2023-01-28","A","11.39"
"1006549","2023-01-28","B","31.61"
"1006564","2023-02-03","B","27.94"
"1006564","2023-02-02","B","67.31"
"1006570","2023-01-28","A","15.12"
"1006595","2023-01-26","B","19.10"
"1006628","2023-01-30","A","24.14"
"1006671","2023-01-26","A","45.10"
"1006679","2023-01-31","B","42.57"
"1006774","2023-01-25","B","75.51"
"1006799","2023-01-27","A","149.82"
"1006811","2023-01-26","A","42.42"
"1006830","2023-02-01","B","8.81"
"1006865","2023-01-29","B","20.75"
"1006869","2023-01-29","B","29.33"
"1006874","2023-02-06","B","64.85"
"1006877","2023-01-30","B","37.16"
"1006881","2023-02-06","B","40.38"
"1006936","2023-01-27","B","40.23"
"1007038","2023-02-03","B","99.02"
"1007049","2023-01-25","A","74.47"
"1007136","2023-01-25","A","85.12"
"1007150","2023-02-06","B","64.20"
"1007218","2023-01-27","B","22.19"
"1007218","2023-01-26","B","65.80"
"1007230","2023-02-06","A","75.19"
"1007236","2023-01-28","A","63.35"
"1007249","2023-01-28","A","176.88"
"1007297","2023-01-30","A","104.43"
"1007351","2023-02-03","B","85.45"
"1007388","2023-01-28","B","15.07"
"1007403","2023-01-26","B","96.62"
"1007467","2023-01-28","B","70.83"
"1007502","2023-01-26","A","156.73"
"1007530","2023-01-29","B","20.44"
"1007536","2023-01-29","B","71.01"
"1007552","2023-02-06","B","91.24"
"1007566","2023-01-26","B","41.80"
"1007616","2023-01-25","A","136.76"
"1007619","2023-01-28","B","44.49"
"1007619","2023-01-27","B","60.16"
"1007625","2023-02-06","A","3.94"
"1007625","2023-02-02","A","99.44"
"1007651","2023-02-06","A","54.82"
"1007654","2023-01-27","B","40.53"
"1007674","2023-01-28","B","86.18"
"1007679","2023-01-27","A","55.15"
"1007688","2023-01-27","A","95.57"
"1007690","2023-02-03","B","36.37"
"1007696","2023-01-29","A","49.89"
"1007778","2023-01-31","B","101.27"
"1007779","2023-01-26","A","26.13"
"1007782","2023-01-30","A","111.73"
"1007838","2023-01-29","A","80.61"
"1007858","2023-02-04","B","33.42"
"1007878","2023-01-30","B","177.72"
"1007891","2023-02-03","B","16.90"
"1007901","2023-01-28","A","47.30"
"1007908","2023-01-31","A","52.27"
"1007930","2023-02-03","B","81.66"
"1007932","2023-01-28","B","36.34"
"1007936","2023-01-25","B","55.27"
"1007937","2023-01-30","B","70.07"
"1007984","2023-01-27","A","58.70"
"1008012","2023-01-31","A","23.95"
"1008073","2023-01-26","B","34.25"
"1008075","2023-01-25","A","84.71"
"1008085","2023-01-27","A","1266.80"
"1008096","2023-01-25","B","23.94"
"1008105","2023-01-28","A","121.02"
"1008119","2023-01-26","A","59.01"
"1008155","2023-01-26","A","15.80"
"1008167","2023-02-04","B","26.51"
"1008167","2023-02-02","B","30.34"
"1008173","2023-02-04","B","37.86"
"1008173","2023-02-03","B","46.01"
"1008181","2023-02-04","B","26.20"
"1008198","2023-02-03","B","771.90"
"1008229","2023-01-27","A","77.06"
"1008271","2023-01-28","B","50.41"
"1008274","2023-01-25","A","63.88"
"1008347","2023-01-25","B","56.01"
"1008390","2023-01-28","B","41.42"
"1008392","2023-01-26","B","135.50"
"1008409","2023-02-03","A","147.05"
"1008410","2023-01-29","B","110.19"
"1008419","2023-02-03","B","80.57"
"1008420","2023-02-03","B","43.32"
"1008421","2023-01-25","A","22.23"
"1008476","2023-02-04","B","35.60"
"1008497","2023-02-06","B","15.19"
"1008497","2023-02-05","B","23.65"
"1008511","2023-01-29","B","48.16"
"1008529","2023-01-29","A","54.89"
"1008546","2023-01-25","B","99.41"
"1008575","2023-02-01","B","18.83"
"1008665","2023-02-06","B","58.90"
"1008685","2023-02-03","B","26.98"
"1008685","2023-02-02","B","4.09"
"1008689","2023-01-25","B","71.05"
"1008723","2023-01-26","B","141.28"
"1008724","2023-01-25","A","89.31"
"1008729","2023-01-29","B","20.91"
"1008745","2023-01-25","B","26.52"
"1008807","2023-01-31","A","88.60"
"1008817","2023-02-05","B","78.42"
"1008820","2023-02-06","A","8.19"
"1008885","2023-01-26","B","152.41"
"1008908","2023-01-27","A","71.38"
"1008910","2023-01-28","A","112.14"
"1008920","2023-01-29","B","123.70"
"1008948","2023-01-31","B","19.98"
"1008954","2023-01-25","A","50.53"
"1008965","2023-02-01","B","57.58"
"1008965","2023-01-31","B","91.83"
"1009034","2023-01-27","A","9.58"
"1009065","2023-01-26","A","102.57"
"1009074","2023-01-30","A","106.38"
"1009105","2023-01-25","A","158.77"
"1009142","2023-01-25","B","12.98"
"1009201","2023-02-04","A","157.13"
"1009232","2023-02-02","A","454.20"
"1009242","2023-01-30","B","88.94"
"1009245","2023-01-25","B","16.03"
"1009254","2023-01-29","B","125.90"
"1009266","2023-01-29","B","23.81"
"1009288","2023-01-25","B","1094.80"
"1009293","2023-02-05","B","57.91"
"1009333","2023-02-03","A","96.79"
"1009337","2023-01-31","B","123.50"
"1009420","2023-01-31","A","91.77"
"1009447","2023-01-28","A","89.59"
"1009458","2023-01-25","B","72.78"
"1009476","2023-01-26","A","101.56"
"1009482","2023-01-27","A","41.26"
"1009512","2023-01-27","B","22.92"
"1009512","2023-01-26","B","64.97"
"1009587","2023-01-30","B","7.89"
"1009595","2023-01-28","B","56.79"
"1009596","2023-02-03","B","38.52"
"1009599","2023-01-25","B","86.33"
"1009627","2023-02-01","A","153.94"
"1009633","2023-01-25","B","61.91"
"1009672","2023-01-26","B","101.10"
"1009686","2023-01-28","A","49.27"
"1009783","2023-02-02","B","39.24"
"1009810","2023-01-25","A","854.80"
"1009816","2023-01-29","B","31.48"
"1009818","2023-01-29","B","14.49"
"1009818","2023-01-26","B","25.35"
"1009830","2023-01-29","A","57.99"
"1009852","2023-01-30","B","22.00"
"1009906","2023-01-29","A","111.60"
"1009949","2023-01-25","A","45.57"
"1009958","2023-01-31","A","48.31"
"1009982","2023-01-30","B","75.44"
"1010014","2023-02-05","B","24.27"
"1010057","2023-01-27","A","35.21"
"1010063","2023-01-25","A","26.77"
"1010091","2023-01-25","A","55.83"
"1010155","2023-01-25","B","62.18"
"1010183","2023-01-29","B","49.26"
"1010259","2023-01-26","A","84.43"
"1010292","2023-01-26","B","37.03"
"1010330","2023-01-25","A","39.92"
"1010347","2023-01-27","A","134.42"
"1010394","2023-01-31","B","107.22"
"1010396","2023-01-26","A","143.86"
"1010452","2023-01-25","B","119.04"
"1010454","2023-01-26","A","64.15"
"1010490","2023-01-25","B","65.68"
"1010495","2023-01-31","A","191.35"
"1010496","2023-01-28","B","61.12"
"1010502","2023-01-30","A","26.67"
"1010503","2023-01-31","A","31.39"
"1010505","2023-01-28","A","58.42"
"1010514","2023-01-30","B","58.16"
"1010558","2023-01-25","B","40.88"
"1010625","2023-01-25","B","116.40"
"1010627","2023-01-27","B","33.58"
"1010638","2023-01-26","B","14.69"
"1010754","2023-02-02","A","13.12"
"1010765","2023-01-25","B","37.95"
"1010769","2023-01-25","B","60.78"
"1010783","2023-01-31","A","121.18"
"1010840","2023-01-26","A","48.73"
"1010867","2023-01-28","A","73.29"
"1010867","2023-01-27","A","150.38"
"1010886","2023-01-29","B","41.32"
"1010894","2023-02-04","A","119.33"
"1010915","2023-01-26","B","91.49"
"1010948","2023-01-27","B","64.16"
"1010975","2023-02-01","B","30.12"
"1010975","2023-01-30","B","44.21"
"1010980","2023-02-02","B","17.74"
"1011011","2023-01-31","B","35.41"
"1011027","2023-02-01","B","13.81"
"1011035","2023-01-30","A","106.67"
"1011070","2023-01-26","A","95.67"
"1011074","2023-01-31","B","59.74"
"1011123","2023-02-02","B","97.58"
"1011140","2023-01-26","A","291.90"
"1011148","2023-01-31","A","52.50"
"1011169","2023-02-06","B","98.37"
"1011210","2023-01-29","B","19.85"
"1011227","2023-02-01","B","19.72"
"1011233","2023-01-28","B","48.14"
"1011286","2023-01-30","B","15.93"
"1011286","2023-01-28","B","29.44"
"1011339","2023-01-28","B","14.18"
"1011339","2023-01-27","B","187.48"
"1011371","2023-02-01","B","29.05"
"1011373","2023-01-29","A","54.44"
"1011418","2023-02-06","B","63.33"
"1011453","2023-01-28","B","69.09"
"1011461","2023-01-26","A","33.50"
"1011467","2023-02-05","A","136.01"
"1011474","2023-02-03","A","152.09"
"1011478","2023-01-26","A","91.14"
"1011478","2023-01-25","A","97.23"
"1011497","2023-01-30","A","91.35"
"1011526","2023-01-28","B","47.72"
"1011554","2023-02-03","B","48.66"
"1011559","2023-01-31","B","39.50"
"1011593","2023-01-27","B","73.30"
"1011605","2023-01-26","A","28.47"
"1011628","2023-01-28","B","39.32"
"1011637","2023-02-06","B","40.38"
"1011665","2023-02-05","A","52.11"
"1011701","2023-01-27","A","160.76"
"1011720","2023-02-06","A","72.35"
"1011722","2023-01-26","A","49.37"
"1011732","2023-02-02","B","42.71"
"1011738","2023-02-06","B","53.89"
"1011745","2023-01-31","A","61.14"
"1011746","2023-01-31","B","154.22"
"1011760","2023-01-29","B","35.72"
"1011817","2023-01-30","A","47.49"
"1011857","2023-02-01","B","76.33"
"1011858","2023-01-25","B","58.05"
"1011862","2023-01-31","B","51.14"
"1011950","2023-01-31","A","144.11"
"1011998","2023-01-28","B","105.03"
"1012016","2023-02-06","B","86.58"
"1012037","2023-01-28","B","105.09"
"1012091","2023-02-05","B","31.91"
"1012099","2023-02-01","A","155.52"
"1012163","2023-01-30","A","26.02"
"1012178","2023-01-25","B","104.85"
"1012193","2023-01-25","A","69.57"
"1012276","2023-02-03","A","54.74"
"1012282","2023-01-31","A","38.23"
"1012303","2023-01-26","A","63.12"
"1012338","2023-02-06","A","97.48"
"1012339","2023-02-05","A","84.25"
"1012350","2023-01-26","A","82.37"
"1012365","2023-01-27","B","28.85"
"1012366","2023-02-06","A","143.61"
"1012372","2023-02-06","A","66.39"
"1012381","2023-01-27","B","55.72"
"1012391","2023-01-29","A","45.87"
"1012407","2023-01-25","A","31.64"
"1012413","2023-01-25","B","23.23"
"1012449","2023-01-31","B","18.73"
"1012463","2023-02-03","B","63.83"
"1012501","2023-01-28","A","26.84"
"1012527","2023-01-25","A","38.39"
"1012567","2023-02-05","A","148.60"
"1012594","2023-02-01","A","147.18"
"1012607","2023-01-25","B","12.15"
"1012627","2023-02-05","B","32.61"
"1012655","2023-01-27","B","39.75"
"1012662","2023-01-28","B","95.02"
"1012689","2023-01-26","B","42.31"
"1012693","2023-01-26","A","130.81"
"1012723","2023-02-03","B","9.62"
"1012723","2023-01-31","B","52.73"
"1012781","2023-01-30","A","35.87"
"1012788","2023-01-28","A","13.36"
"1012809","2023-01-25","B","47.82"
"1012822","2023-01-25","B","86.88"
"1012828","2023-01-25","B","18.59"
"1012845","2023-01-30","B","44.74"
"1012880","2023-01-29","B","29.57"
"1012896","2023-01-30","A","17.63"
"1013001","2023-02-03","B","52.20"
"1013084","2023-01-25","B","102.98"
"1013098","2023-01-27","B","60.18"
"1013108","2023-01-26","A","113.85"
"1013110","2023-01-25","B","145.11"
"1013124","2023-02-06","B","20.58"
"1013138","2023-02-01","A","43.02"
"1013141","2023-02-01","A","112.67"
"1013143","2023-01-27","B","35.78"
"1013156","2023-02-01","B","48.72"
"1013176","2023-01-26","A","162.87"
"1013188","2023-01-26","B","55.30"
"1013201","2023-01-26","A","66.00"
"1013250","2023-02-06","B","3.59"
"1013272","2023-02-06","B","7.96"
"1013300","2023-01-25","B","56.01"
"1013329","2023-01-30","B","20.19"
"1013329","2023-01-27","B","28.59"
"1013330","2023-01-29","B","89.12"
"1013334","2023-01-29","A","56.57"
"1013360","2023-01-30","B","110.08"
"1013398","2023-01-26","B","13.04"
"1013409","2023-01-28","B","16.32"
"1013409","2023-01-26","B","51.16"
"1013416","2023-01-26","A","100.17"
"1013480","2023-01-25","B","12.91"
"1013670","2023-01-27","B","46.06"
"1013686","2023-01-26","B","99.87"
"1013747","2023-02-03","B","74.76"
"1013758","2023-02-04","B","163.06"
"1013793","2023-02-01","A","5.42"
"1013823","2023-02-01","B","45.17"
"1013846","2023-02-01","A","74.87"
"1013853","2023-01-29","A","85.57"
"1013863","2023-01-31","B","761.10"
"1013878","2023-01-26","A","56.19"
"1013891","2023-01-25","A","45.48"
"1013897","2023-01-25","A","14.14"
"1013944","2023-01-27","B","110.15"
"1013951","2023-01-27","A","53.45"
"1013979","2023-01-25","B","23.43"
"1013995","2023-02-04","A","23.43"
"1014011","2023-02-05","B","150.72"
"1014039","2023-01-26","B","88.66"
"1014150","2023-02-06","B","131.33"
"1014151","2023-01-27","A","53.22"
"1014163","2023-02-02","A","12.13"
"1014163","2023-02-01","A","28.30"
"1014183","2023-01-27","B","64.58"
"1014183","2023-01-25","B","183.34"
"1014224","2023-01-31","B","58.61"
"1014234","2023-01-26","A","53.17"
"1014323","2023-01-30","A","103.44"
"1014350","2023-01-29","A","45.07"
"1014367","2023-01-31","B","138.92"
"1014376","2023-02-03","A","35.11"
"1014415","2023-01-26","B","34.26"
"1014428","2023-01-30","A","12.70"
"1014428","2023-01-27","A","26.54"
"1014436","2023-01-26","A","53.87"
"1014480","2023-02-02","A","105.50"
"1014511","2023-02-03","B","154.95"
"1014515","2023-01-31","B","139.73"
"1014543","2023-01-29","B","19.73"
"1014608","2023-01-25","B","107.89"
"1014631","2023-02-01","A","62.50"
"1014639","2023-01-25","B","58.21"
"1014717","2023-02-05","B","72.22"
"1014718","2023-02-06","B","26.98"
"1014733","2023-01-27","A","36.11"
"1014741","2023-01-28","A","41.51"
"1014788","2023-01-26","A","70.16"
"1014804","2023-01-26","B","0.34"
"1014804","2023-01-25","B","123.82"
"1014807","2023-01-25","B","78.18"
"1014814","2023-02-04","A","66.94"
"1014840","2023-01-25","A","41.02"
"1014890","2023-01-28","B","66.80"
"1014892","2023-01-27","A","41.82"
"1014895","2023-02-06","A","140.24"
"1014920","2023-01-25","A","92.32"
"1014924","2023-01-30","A","32.41"
"1014949","2023-01-28","A","190.77"
"1014953","2023-01-26","A","169.37"
"1014963","2023-01-29","A","70.08"
"1014964","2023-01-25","A","195.25"
"1014965","2023-01-27","A","56.38"
"1014982","2023-02-05","B","38.66"
"1015035","2023-01-25","B","113.51"
"1015053","2023-02-06","A","85.33"
"1015056","2023-02-04","A","24.12"
"1015130","2023-01-27","A","113.67"
"1015175","2023-01-28","A","87.68"
"1015189","2023-01-25","B","34.58"
"1015258","2023-02-05","B","45.74"
"1015292","2023-01-29","A","14.02"
"1015294","2023-01-26","A","101.47"
"1015329","2023-01-27","A","75.62"
"1015333","2023-01-27","A","41.11"
"1015342","2023-01-27","B","142.35"
"1015344","2023-01-31","A","163.56"
"1015387","2023-01-30","B","76.60"
"1015397","2023-02-05","B","91.73"
"1015397","2023-01-30","B","108.94"
"1015415","2023-01-25","B","66.15"
"1015449","2023-01-28","A","28.10"
"1015481","2023-01-31","B","83.25"
"1015499","2023-01-25","A","57.73"
"1015526","2023-02-02","B","53.26"
"1015612","2023-01-26","A","175.00"
"1015634","2023-01-25","B","28.83"
"1015640","2023-02-04","B","112.49"
"1015657","2023-01-26","B","66.13"
"1015677","2023-01-25","A","9.48"
"1015694","2023-02-02","B","36.46"
"1015705","2023-01-27","B","142.70"
"1015711","2023-01-26","B","57.71"
"1015747","2023-01-27","A","40.53"
"1015752","2023-01-30","A","46.02"
"1015758","2023-01-25","A","83.43"
"1015771","2023-01-26","A","47.25"
"1015793","2023-01-27","A","40.24"
"1015794","2023-01-26","B","52.31"
"1015800","2023-01-29","A","35.90"
"1015828","2023-01-27","B","30.05"
"1015840","2023-01-29","A","70.46"
"1015896","2023-01-27","B","152.40"
"1015909","2023-01-29","B","12.03"
"1015915","2023-01-27","A","20.13"
"1015933","2023-01-27","A","52.96"
"1015945","2023-02-01","B","28.85"
"1015957","2023-01-25","A","49.24"
"1015971","2023-02-06","A","120.20"
"1015992","2023-02-05","A","142.69"
"1015999","2023-01-27","B","39.69"
"1016001","2023-01-27","B","59.65"
"1016009","2023-02-01","B","14.85"
"1016009","2023-01-31","B","25.72"
"1016010","2023-01-28","A","38.16"
"1016032","2023-02-06","A","14.74"
"1016039","2023-02-05","B","38.97"
"1016063","2023-02-03","B","96.46"
"1016079","2023-01-25","A","54.61"
"1016120","2023-01-30","B","78.56"
"1016122","2023-01-25","A","13.17"
"1016124","2023-01-31","B","104.24"
"1016124","2023-01-30","B","6.42"
"1016134","2023-02-03","B","18.76"
"1016138","2023-01-25","B","45.83"
"1016200","2023-02-04","A","104.05"
"1016208","2023-01-30","A","22.70"
"1016208","2023-01-29","A","26.99"
"1016223","2023-01-26","A","682.30"
"1016258","2023-02-02","B","42.99"
"1016262","2023-02-03","B","58.32"
"1016262","2023-01-28","B","61.53"
"1016271","2023-02-01","B","39.76"
"1016281","2023-01-26","B","248.11"
"1016286","2023-01-31","B","18.50"
"1016286","2023-01-30","B","29.71"
"1016311","2023-01-25","B","46.70"
"1016359","2023-01-25","A","94.34"
"1016374","2023-01-30","A","14.24"
"1016374","2023-01-25","A","99.88"
"1016401","2023-01-28","A","72.42"
"1016402","2023-01-30","B","65.25"
"1016433","2023-02-05","B","765.10"
"1016467","2023-01-27","B","55.87"
"1016532","2023-01-26","B","111.43"
"1016536","2023-01-29","B","50.45"
"1016572","2023-01-27","B","37.08"
"1016583","2023-01-25","B","56.42"
"1016617","2023-02-02","B","69.58"
"1016632","2023-02-02","A","114.09"
"1016640","2023-01-30","A","12.18"
"1016677","2023-01-28","B","49.20"
"1016724","2023-02-01","B","57.03"
"1016741","2023-01-25","A","15.35"
"1016793","2023-01-30","B","60.41"
"1016801","2023-02-02","B","25.38"
"1016821","2023-02-06","A","82.93"
"1016839","2023-01-31","A","91.93"
"1016878","2023-01-27","B","43.25"
"1016879","2023-01-26","A","68.41"
"1016880","2023-01-29","A","53.30"
"1016921","2023-01-25","B","44.39"
"1016925","2023-01-26","B","67.46"
"1016927","2023-01-28","B","29.24"
"1016952","2023-01-25","A","84.65"
"1017060","2023-01-25","B","50.71"
"1017069","2023-01-25","B","27.18"
"1017087","2023-01-25","B","32.08"
"1017127","2023-02-03","A","25.95"
"1017127","2023-01-31","A","40.10"
"1017133","2023-02-05","A","16.28"
"1017150","2023-01-28","A","23.64"
"1017184","2023-01-31","A","111.05"
"1017201","2023-01-30","B","13.74"
"1017210","2023-01-30","B","48.54"
"1017270","2023-01-25","B","17.51"
"1017287","2023-02-01","B","20.62"
"1017293","2023-01-27","A","22.90"
"1017303","2023-01-31","B","59.79"
"1017307","2023-01-28","B","8.66"
"1017347","2023-01-30","B","38.16"
"1017359","2023-02-04","A","24.83"
"1017390","2023-01-26","B","42.94"
"1017400","2023-01-25","B","107.98"
"1017407","2023-01-26","A","46.23"
"1017435","2023-01-25","B","5.05"
"1017445","2023-01-25","A","23.76"
"1017467","2023-01-29","B","13.64"
"1017467","2023-01-26","B","17.22"
"1017475","2023-02-06","A","44.57"
"1017544","2023-02-06","A","79.39"
"1017563","2023-01-27","A","15.51"
"1017566","2023-01-27","A","165.14"
"1017574","2023-01-29","B","831.60"
"1017584","2023-01-25","A","51.78"
"1017600","2023-02-06","B","53.19"
"1017637","2023-01-30","B","49.23"
"1017649","2023-02-04","A","44.37"
"1017671","2023-02-02","B","182.93"
"1017681","2023-01-25","B","7.32"
"1017694","2023-01-25","B","126.78"
"1017711","2023-01-27","B","73.34"
"1017715","2023-02-06","B","129.62"
"1017718","2023-01-27","B","94.41"
"1017725","2023-01-28","B","101.85"
"1017742","2023-01-25","A","49.71"
"1017750","2023-02-01","A","57.32"
"1017755","2023-01-30","B","37.23"
"1017759","2023-02-01","B","36.89"
"1017773","2023-01-26","B","51.83"
"1017791","2023-02-04","B","0.61"
"1017791","2023-02-02","B","59.17"
"1017801","2023-02-06","A","40.89"
"1017817","2023-01-29","A","51.72"
"1017826","2023-01-25","B","62.28"
"1017857","2023-01-28","B","159.66"
"1017895","2023-01-29","B","34.13"
"1017896","2023-01-25","A","17.75"
"1017925","2023-01-30","B","27.89"
"1018030","2023-01-25","A","30.01"
"1018134","2023-01-27","A","20.87"
"1018136","2023-01-28","B","67.31"
"1018155","2023-02-03","B","32.28"
"1018243","2023-01-25","A","68.11"
"1018258","2023-01-31","A","30.00"
"1018296","2023-01-25","B","72.84"
"1018309","2023-01-26","B","86.38"
"1018321","2023-02-01","A","117.39"
"1018325","2023-01-25","B","54.84"
"1018350","2023-01-31","A","54.22"
"1018350","2023-01-29","A","139.02"
"1018396","2023-01-25","A","83.38"
"1018405","2023-01-25","A","49.91"
"1018463","2023-01-26","B","43.39"
"1018479","2023-01-27","A","88.38"
"1018480","2023-01-25","B","72.32"
"1018482","2023-01-29","B","42.82"
"1018488","2023-01-28","A","29.83"
"1018502","2023-01-26","A","400.90"
"1018514","2023-02-01","B","7.64"
"1018529","2023-01-27","B","32.88"
"1018539","2023-02-03","A","29.85"
"1018562","2023-02-02","B","69.73"
"1018562","2023-02-01","B","84.97"
"1018564","2023-01-27","B","23.76"
"1018575","2023-01-26","B","121.37"
"1018602","2023-01-28","A","31.00"
"1018679","2023-02-01","B","63.29"
"1018689","2023-01-31","B","98.44"
"1018719","2023-01-28","B","46.71"
"1018723","2023-01-25","A","86.80"
"1018725","2023-02-04","B","11.39"
"1018736","2023-01-29","A","72.72"
"1018799","2023-01-26","B","78.86"
"1018820","2023-01-27","B","42.00"
"1018884","2023-01-27","B","91.96"
"1018908","2023-01-29","B","24.73"
"1018933","2023-01-25","A","31.56"
"1018945","2023-01-27","B","67.77"
"1018970","2023-02-06","A","142.11"
"1018988","2023-01-25","B","46.48"
"1019002","2023-02-03","A","26.70"
"1019002","2023-02-01","A","113.33"
"1019004","2023-01-25","B","50.18"
"1019021","2023-01-26","B","44.68"
"1019110","2023-01-27","A","67.48"
"1019139","2023-01-27","B","198.60"
"1019209","2023-01-30","B","59.81"
"1019209","2023-01-25","B","121.11"
"1019210","2023-02-04","A","208.73"
"1019212","2023-01-27","A","110.35"
"1019256","2023-02-01","B","65.51"
"1019278","2023-01-31","A","59.57"
"1019282","2023-01-30","B","13.75"
"1019301","2023-01-27","A","61.06"
"1019343","2023-01-26","A","92.40"
"1019349","2023-02-01","B","20.58"
"1019349","2023-01-26","B","65.57"
"1019375","2023-01-27","B","22.78"
"1019388","2023-02-05","B","43.07"
"1019403","2023-01-27","A","16.72"
"1019406","2023-01-25","B","25.31"
"1019419","2023-01-31","B","20.94"
"1019419","2023-01-30","B","24.15"
"1019422","2023-01-30","B","65.57"
"1019563","2023-01-28","B","69.09"
"1019593","2023-01-29","B","69.44"
"1019618","2023-01-27","B","211.78"
"1019649","2023-02-03","A","100.30"
"1019665","2023-01-26","A","17.93"
"1019672","2023-01-29","B","37.53"
"1019684","2023-02-01","A","64.53"
"1019688","2023-02-02","A","49.89"
"1019693","2023-02-05","B","23.20"
"1019707","2023-01-31","B","85.05"
"1019755","2023-01-31","B","84.37"
"1019756","2023-01-26","B","144.98"
"1019805","2023-01-27","B","131.69"
"1019808","2023-01-27","B","137.73"
"1019834","2023-01-30","B","101.83"
"1019859","2023-01-30","A","45.55"
"1019868","2023-01-25","A","128.74"
"1019871","2023-01-26","A","60.00"
"1019907","2023-01-25","A","745.80"
"1019909","2023-01-29","A","77.52"
"1019926","2023-01-30","A","42.80"
"1019937","2023-02-03","A","180.38"
"1019940","2023-02-02","A","335.10"
"1019959","2023-02-04","A","67.58"
"1019970","2023-01-31","A","124.22"
"1019989","2023-01-29","B","80.56"
"1020004","2023-02-06","A","118.66"
"1020019","2023-01-26","A","106.58"
"1020052","2023-01-26","B","15.82"
"1020082","2023-01-31","B","80.62"
"1020099","2023-01-25","B","112.01"
"1020103","2023-02-01","B","164.62"
"1020103","2023-01-30","B","25.68"
"1020140","2023-02-01","A","34.43"
"1020140","2023-01-26","A","35.22"
"1020154","2023-01-25","A","63.92"
"1020176","2023-01-31","B","130.18"
"1020183","2023-01-25","A","92.98"
"1020236","2023-01-25","B","82.23"
"1020270","2023-01-27","A","45.67"
"1020275","2023-01-27","B","134.49"
"1020316","2023-01-26","B","39.91"
"1020325","2023-02-06","A","145.94"
"1020325","2023-02-05","A","615.20"
"1020350","2023-01-27","A","87.43"
"1020368","2023-01-29","A","29.65"
"1020394","2023-02-01","A","94.03"
"1020416","2023-01-27","B","32.36"
"1020503","2023-01-30","B","43.66"
"1020563","2023-01-25","A","90.47"
"1020564","2023-02-01","B","61.32"
"1020593","2023-01-25","A","101.78"
"1020620","2023-01-27","A","30.15"
"1020643","2023-01-27","A","128.92"
"1020689","2023-01-30","A","32.28"
"1020698","2023-01-27","B","52.88"
"1020700","2023-01-30","B","161.94"
"1020727","2023-01-31","A","42.46"
"1020741","2023-01-30","B","50.59"
"1020763","2023-02-03","B","35.77"
"1020770","2023-02-01","B","39.29"
"1020801","2023-01-27","A","128.37"
"1020804","2023-01-25","A","104.60"
"1020808","2023-01-25","B","23.51"
"1020890","2023-01-25","B","133.03"
"1020891","2023-01-30","B","96.40"
"1020902","2023-01-29","B","32.19"
"1020962","2023-02-03","B","65.39"
"1021013","2023-01-25","B","40.74"
"1021037","2023-01-31","B","13.57"
"1021037","2023-01-27","B","32.19"
"1021061","2023-01-27","B","48.41"
"1021090","2023-01-25","B","34.81"
"1021115","2023-02-02","B","83.06"
"1021115","2023-01-31","B","189.91"
"1021145","2023-02-05","A","57.75"
"1021155","2023-01-26","B","18.30"
"1021165","2023-01-25","B","102.04"
"1021171","2023-01-26","B","169.50"
"1021197","2023-01-28","B","86.92"
"1021238","2023-01-26","B","13.42"
"1021288","2023-01-26","B","36.71"
"1021291","2023-01-25","A","65.46"
"1021339","2023-01-27","B","52.69"
"1021366","2023-02-03","B","82.60"
"1021378","2023-01-25","A","42.75"
"1021398","2023-01-26","B","56.16"
"1021419","2023-01-26","B","14.93"
"1021426","2023-01-25","A","19.03"
"1021442","2023-01-28","B","34.35"
"1021450","2023-02-03","A","67.38"
"1021514","2023-02-05","A","36.13"
"1021543","2023-01-25","A","58.12"
"1021595","2023-02-03","A","131.61"
"1021607","2023-01-28","A","111.95"
"1021615","2023-01-30","B","35.99"
"1021706","2023-01-26","B","84.55"
"1021715","2023-02-03","A","121.63"
"1021764","2023-02-06","B","71.29"
"1021801","2023-01-25","B","53.58"
"1021823","2023-01-26","B","44.71"
"1021860","2023-01-25","A","77.27"
"1021915","2023-02-04","B","95.70"
"1021929","2023-01-27","B","94.16"
"1021938","2023-01-31","B","21.79"
"1022021","2023-01-29","A","25.46"
"1022033","2023-01-29","A","229.70"
"1022039","2023-01-29","A","83.20"
"1022043","2023-01-28","B","194.40"
"1022077","2023-01-30","B","7.49"
"1022080","2023-01-27","B","49.23"
"1022082","2023-01-27","A","116.28"
"1022097","2023-01-31","B","27.94"
"1022103","2023-02-02","A","94.90"
"1022116","2023-02-01","B","34.66"
"1022166","2023-01-27","B","103.08"
"1022206","2023-01-25","A","141.18"
"1022210","2023-01-29","B","30.65"
"1022222","2023-02-03","A","53.91"
"1022237","2023-02-05","B","111.07"
"1022237","2023-02-04","B","126.66"
"1022253","2023-01-25","A","103.07"
"1022263","2023-01-27","A","119.33"
"1022336","2023-02-05","B","17.68"
"1022336","2023-02-01","B","137.64"
"1022374","2023-02-04","A","102.79"
"1022387","2023-01-26","B","28.38"
"1022401","2023-01-31","B","17.45"
"1022421","2023-01-31","B","39.28"
"1022466","2023-01-29","B","14.10"
"1022467","2023-02-02","A","193.85"
"1022491","2023-01-27","A","79.29"
"1022510","2023-01-25","A","109.02"
"1022519","2023-01-26","B","27.68"
"1022602","2023-01-25","A","138.70"
"1022619","2023-01-25","B","61.51"
"1022629","2023-01-26","B","63.68"
"1022653","2023-01-30","A","31.09"
"1022692","2023-01-30","A","523.60"
"1022698","2023-01-26","A","75.79"
"1022747","2023-01-26","B","86.27"
"1022762","2023-01-30","B","15.06"
"1022767","2023-01-25","B","45.41"
"1022775","2023-01-25","B","77.70"
"1022778","2023-01-25","A","74.91"
"1022788","2023-01-25","A","98.46"
"1022805","2023-02-01","B","1546.30"
"1022815","2023-01-29","B","46.67"
"1022815","2023-01-26","B","56.82"
"1022823","2023-01-27","A","14.57"
"1022824","2023-01-25","A","128.88"
"1022829","2023-02-04","B","10.05"
"1022831","2023-01-26","A","85.55"
"1022845","2023-01-29","A","67.02"
"1022857","2023-01-29","B","27.89"
"1022917","2023-01-31","B","56.83"
"1022976","2023-01-25","A","31.00"
"1022986","2023-02-04","A","88.40"
"1022989","2023-02-03","A","124.12"
"1023001","2023-01-27","B","63.06"
"1023027","2023-01-30","A","111.38"
"1023067","2023-01-26","A","130.77"
"1023109","2023-01-25","B","74.51"
"1023121","2023-01-28","A","118.18"
"1023126","2023-01-25","B","33.58"
"1023134","2023-01-30","B","90.69"
"1023208","2023-01-29","A","11.96"
"1023283","2023-01-27","B","52.70"
"1023296","2023-01-30","A","56.89"
"1023306","2023-01-28","B","60.00"
"1023317","2023-01-31","B","6.98"
"1023317","2023-01-28","B","23.14"
"1023334","2023-02-06","A","77.68"
"1023352","2023-02-01","A","31.86"
"1023414","2023-02-03","A","44.69"
"1023449","2023-01-26","A","105.21"
"1023462","2023-01-28","B","59.81"
"1023475","2023-01-31","A","42.57"
"1023504","2023-01-29","B","60.71"
"1023508","2023-02-01","B","30.28"
"1023513","2023-01-26","A","53.82"
"1023518","2023-02-04","B","47.08"
"1023532","2023-02-03","B","46.42"
"1023532","2023-02-01","B","36.95"
"1023580","2023-01-25","A","16.19"
"1023599","2023-02-06","A","79.97"
"1023677","2023-01-25","B","20.59"
"1023700","2023-02-01","B","8.87"
"1023700","2023-01-31","B","105.30"
"1023705","2023-02-05","A","7.11"
"1023705","2023-02-04","A","39.70"
"1023714","2023-01-28","B","28.14"
"1023740","2023-01-30","A","72.57"
"1023745","2023-02-05","B","872.90"
"1023763","2023-01-31","A","17.58"
"1023770","2023-01-27","A","17.22"
"1023816","2023-01-28","B","9.19"
"1023864","2023-02-02","B","167.86"
"1023923","2023-01-28","A","26.40"
"1023930","2023-01-25","B","109.78"
"1023937","2023-02-02","A","21.89"
"1023955","2023-01-26","A","56.01"
"1023957","2023-01-30","B","0.41"
"1023957","2023-01-25","B","7.16"
"1023963","2023-01-29","A","59.31"
"1023980","2023-02-06","A","0.87"
"1023980","2023-02-05","A","3.90"
"1023987","2023-01-29","B","128.66"
"1023992","2023-02-06","A","24.70"
"1024005","2023-01-26","A","105.64"
"1024055","2023-02-05","A","116.08"
"1024063","2023-01-28","A","117.23"
"1024109","2023-01-27","B","85.57"
"1024139","2023-01-30","A","121.86"
"1024144","2023-02-01","B","14.49"
"1024144","2023-01-30","B","33.09"
"1024160","2023-02-03","A","52.74"
"1024160","2023-02-01","A","75.02"
"1024162","2023-01-30","B","95.39"
"1024176","2023-02-05","B","156.46"
"1024196","2023-02-04","B","39.98"
"1024197","2023-01-29","B","28.15"
"1024214","2023-01-26","A","36.44"
"1024218","2023-01-28","B","66.29"
"1024287","2023-01-26","A","75.50"
"1024291","2023-01-31","B","80.62"
"1024336","2023-02-03","B","22.06"
"1024350","2023-01-28","A","163.42"
"1024440","2023-01-29","A","63.80"
"1024481","2023-01-25","B","70.02"
"1024505","2023-02-04","B","17.97"
"1024506","2023-01-26","A","29.55"
"1024518","2023-01-25","A","215.42"
"1024548","2023-02-05","B","45.18"
"1024556","2023-01-25","B","45.64"
"1024588","2023-02-06","B","87.00"
"1024656","2023-01-29","B","18.70"
"1024658","2023-01-29","A","35.56"
"1024676","2023-01-26","B","37.45"
"1024688","2023-01-30","B","18.71"
"1024704","2023-01-28","B","101.16"
"1024720","2023-02-03","A","42.88"
"1024733","2023-01-29","B","65.73"
"1024748","2023-01-27","A","62.37"
"1024755","2023-01-28","A","33.48"
"1024840","2023-01-25","A","42.46"
"1024874","2023-01-31","B","48.86"
"1024908","2023-01-26","B","75.19"
"1024924","2023-02-02","A","38.85"
"1024931","2023-02-04","A","53.19"
"1024935","2023-01-25","A","6.13"
"1024948","2023-01-28","B","60.90"
"1024951","2023-02-05","B","38.73"
"1024972","2023-02-06","B","45.37"
"1024976","2023-02-05","B","30.75"
"1024982","2023-01-28","A","158.55"
"1024995","2023-01-25","B","14.22"
"1025024","2023-01-29","A","114.80"
"1025024","2023-01-27","A","141.86"
"1025030","2023-01-28","B","34.63"
"1025044","2023-01-26","B","106.30"
"1025066","2023-01-28","A","31.70"
"1025081","2023-02-03","A","91.16"
"1025097","2023-01-31","B","332.48"
"1025097","2023-01-28","B","504.20"
"1025105","2023-01-27","A","61.17"
"1025126","2023-01-25","A","28.86"
"1025152","2023-01-30","A","144.53"
"1025178","2023-01-26","A","31.41"
"1025269","2023-01-25","B","63.69"
"1025283","2023-01-31","B","164.58"
"1025285","2023-01-30","A","23.23"
"1025297","2023-02-02","B","30.59"
"1025321","2023-01-27","B","107.21"
"1025352","2023-01-28","B","40.52"
"1025382","2023-01-31","A","62.54"
"1025404","2023-01-25","A","149.98"
"1025432","2023-01-29","A","53.10"
"1025470","2023-02-05","A","149.69"
"1025477","2023-01-30","B","76.66"
"1025481","2023-01-26","B","90.06"
"1025491","2023-01-25","B","68.26"
"1025525","2023-02-06","B","52.31"
"1025602","2023-01-25","B","62.33"
"1025708","2023-01-31","A","137.41"
"1025717","2023-01-28","B","64.39"
"1025743","2023-02-04","B","67.99"
"1025802","2023-01-27","A","55.95"
"1025830","2023-01-26","A","33.76"
"1025834","2023-01-26","B","4.93"
"1025834","2023-01-25","B","46.52"
"1025845","2023-01-28","A","173.67"
"1025877","2023-01-25","B","47.88"
"1025911","2023-02-02","A","37.41"
"1025941","2023-02-02","B","62.94"
"1025967","2023-01-31","A","33.96"
"1025974","2023-01-26","A","67.31"
"1026003","2023-01-27","A","82.82"
"1026007","2023-02-01","A","95.88"
"1026021","2023-01-28","B","108.95"
"1026025","2023-01-28","A","16.53"
"1026025","2023-01-27","A","74.81"
"1026041","2023-01-25","A","88.26"
"1026097","2023-02-06","B","79.91"
"1026112","2023-02-06","A","37.20"
"1026141","2023-01-28","B","111.63"
"1026157","2023-01-30","A","72.44"
"1026173","2023-01-28","B","17.02"
"1026180","2023-01-25","B","156.72"
"1026189","2023-01-25","B","53.97"
"1026220","2023-01-27","A","65.79"
"1026222","2023-01-27","B","62.54"
"1026258","2023-01-26","A","76.06"
"1026298","2023-02-06","B","21.63"
"1026338","2023-02-03","A","76.05"
"1026343","2023-01-26","B","136.80"
"1026358","2023-01-29","A","93.40"
"1026371","2023-02-02","A","76.21"
"1026374","2023-01-26","A","129.68"
"1026380","2023-01-27","A","106.14"
"1026414","2023-01-27","A","47.43"
"1026421","2023-02-04","A","87.07"
"1026429","2023-01-28","A","53.05"
"1026459","2023-01-26","B","67.51"
"1026504","2023-01-26","A","5.44"
"1026505","2023-01-26","A","14.25"
"1026527","2023-02-03","A","213.60"
"1026541","2023-02-01","A","63.47"
"1026574","2023-01-31","A","89.70"
"1026581","2023-02-02","B","28.28"
"1026581","2023-01-31","B","73.28"
"1026601","2023-01-31","B","108.21"
"1026607","2023-01-31","B","25.02"
"1026683","2023-01-29","B","32.93"
"1026684","2023-01-31","A","137.10"
"1026693","2023-01-25","B","26.46"
"1026739","2023-01-31","B","97.32"
"1026744","2023-01-27","A","14.17"
"1026745","2023-01-31","B","15.06"
"1026749","2023-02-04","A","44.47"
"1026777","2023-01-26","B","48.52"
"1026786","2023-01-29","A","91.66"
"1026793","2023-01-27","B","32.77"
"1026797","2023-01-25","A","55.84"
"1026801","2023-01-31","A","57.18"
"1026817","2023-01-31","A","85.85"
"1026836","2023-02-01","B","6.61"
"1026836","2023-01-31","B","27.22"
"1026873","2023-01-28","B","27.92"
"1026885","2023-01-31","A","12.92"
"1026885","2023-01-30","A","12.96"
"1026917","2023-01-25","B","26.85"
"1026967","2023-01-25","B","7.74"
"1027051","2023-01-27","B","18.03"
"1027071","2023-01-30","A","58.28"
"1027076","2023-01-25","B","66.80"
"1027106","2023-02-02","A","111.82"
"1027116","2023-02-03","B","93.03"
"1027166","2023-01-27","A","121.84"
"1027181","2023-01-30","A","84.19"
"1027184","2023-01-28","A","130.19"
"1027208","2023-01-27","A","58.27"
"1027240","2023-01-26","B","104.73"
"1027244","2023-01-25","A","123.11"
"1027268","2023-01-29","B","70.43"
"1027300","2023-01-29","A","43.82"
"1027350","2023-01-29","B","122.87"
"1027361","2023-02-03","A","44.75"
"1027361","2023-02-02","A","109.09"
"1027368","2023-01-29","B","93.83"
"1027401","2023-01-25","B","425.90"
"1027437","2023-01-29","A","31.97"
"1027440","2023-01-25","B","51.91"
"1027442","2023-02-01","B","30.37"
"1027442","2023-01-31","B","42.82"
"1027461","2023-01-27","B","24.74"
"1027465","2023-01-27","B","38.17"
"1027467","2023-02-06","A","73.13"
"1027505","2023-02-02","A","123.72"
"1027512","2023-01-29","B","135.66"
"1027519","2023-01-25","A","70.17"
"1027529","2023-02-04","B","69.52"
"1027543","2023-01-30","B","116.40"
"1027544","2023-01-29","A","26.99"
"1027570","2023-01-29","A","83.80"
"1027584","2023-01-28","A","56.67"
"1027602","2023-02-02","B","103.23"
"1027609","2023-02-06","A","2.32"
"1027638","2023-01-25","B","20.83"
"1027666","2023-01-30","A","12.38"
"1027669","2023-02-03","A","115.40"
"1027689","2023-01-26","A","31.23"
"1027698","2023-01-26","A","31.00"
"1027728","2023-01-29","B","71.17"
"1027740","2023-01-27","B","52.69"
"1027750","2023-01-26","B","57.49"
"1027780","2023-01-25","B","39.64"
"1027792","2023-02-02","B","42.17"
"1027801","2023-02-03","A","35.99"
"1027837","2023-01-27","B","155.15"
"1027905","2023-01-27","B","21.59"
"1027928","2023-01-30","B","62.85"
"1027930","2023-01-27","B","71.48"
"1027975","2023-02-05","A","182.30"
"1027975","2023-02-01","A","248.20"
"1028032","2023-02-04","A","79.33"
"1028034","2023-02-02","A","16.10"
"1028034","2023-01-29","A","27.30"
"1028044","2023-01-28","A","37.00"
"1028061","2023-01-30","A","90.09"
"1028100","2023-01-25","B","157.15"
"1028134","2023-01-26","B","93.89"
"1028154","2023-02-03","B","105.69"
"1028180","2023-01-25","B","38.89"
"1028184","2023-02-03","B","7.93"
"1028184","2023-01-30","B","231.28"
"1028191","2023-02-01","B","6.42"
"1028201","2023-02-02","B","19.81"
"1028201","2023-01-28","B","54.85"
"1028212","2023-01-27","B","69.93"
"1028218","2023-01-25","B","71.20"
"1028224","2023-01-25","A","60.79"
"1028226","2023-01-28","B","50.24"
"1028294","2023-02-02","A","17.63"
"1028295","2023-02-01","A","108.75"
"1028295","2023-01-31","A","125.66"
"1028308","2023-01-27","A","145.69"
"1028313","2023-01-26","A","126.60"
"1028315","2023-01-29","B","84.46"
"1028348","2023-01-28","B","87.90"
"1028400","2023-02-06","B","64.68"
"1028444","2023-02-03","B","46.79"
"1028453","2023-01-25","B","28.28"
"1028457","2023-01-26","B","7.84"
"1028466","2023-01-30","A","67.64"
"1028489","2023-01-25","B","85.98"
"1028504","2023-02-05","B","54.34"
"1028514","2023-01-28","A","38.19"
"1028554","2023-01-30","B","56.33"
"1028576","2023-01-26","A","94.36"
"1028578","2023-01-30","A","99.47"
"1028578","2023-01-28","A","150.73"
"1028585","2023-01-27","A","41.59"
"1028610","2023-01-29","A","19.03"
"1028610","2023-01-26","A","67.11"
"1028760","2023-01-30","A","65.88"
"1028763","2023-01-29","B","12.83"
"1028764","2023-01-26","B","126.94"
"1028782","2023-01-30","B","17.38"
"1028834","2023-01-28","A","109.28"
"1028873","2023-01-28","A","58.61"
"1028876","2023-01-29","B","28.51"
"1028961","2023-01-31","A","220.27"
"1028967","2023-01-27","B","57.34"
"1028970","2023-01-31","A","5.66"
"1028970","2023-01-27","A","40.51"
"1029026","2023-01-31","A","44.31"
"1029041","2023-01-26","B","20.38"
"1029052","2023-02-02","B","34.84"
"1029080","2023-02-04","A","166.71"
"1029093","2023-01-27","A","35.64"
"1029147","2023-01-28","B","138.27"
"1029235","2023-02-02","B","121.26"
"1029281","2023-01-30","B","31.93"
"1029294","2023-01-26","B","36.13"
"1029326","2023-01-26","B","122.58"
"1029358","2023-02-05","A","9.00"
"1029379","2023-01-31","B","33.48"
"1029406","2023-01-25","B","36.72"
"1029407","2023-02-01","A","58.76"
"1029443","2023-01-27","B","32.49"
"1029444","2023-01-26","B","35.18"
"1029472","2023-02-05","A","58.62"
"1029501","2023-01-31","A","51.94"
"1029583","2023-01-28","A","77.62"
"1029586","2023-02-05","B","46.15"
"1029630","2023-01-27","A","52.56"
"1029639","2023-01-28","A","29.35"
"1029684","2023-01-25","B","57.38"
"1029709","2023-02-03","A","48.24"
"1029740","2023-01-25","B","24.16"
"1029758","2023-01-28","B","201.96"
"1029768","2023-01-31","A","28.90"
"1029796","2023-01-25","B","54.54"
"1029810","2023-01-26","A","53.61"
"1029872","2023-01-30","B","23.00"
"1029874","2023-01-25","B","35.98"
"1029920","2023-01-25","A","34.93"
"1029937","2023-01-25","B","92.09"
"1029973","2023-01-25","B","72.43"
"1030017","2023-02-02","A","114.33"
"1030059","2023-01-25","A","26.68"
"1030201","2023-01-25","B","315.80"
"1030218","2023-01-26","B","46.13"
"1030220","2023-01-25","A","63.14"
"1030245","2023-01-25","A","202.80"
"1030250","2023-01-25","A","18.47"
"1030263","2023-01-27","B","45.09"
"1030278","2023-01-25","B","20.26"
"1030282","2023-01-25","A","13.36"
"1030291","2023-02-02","B","74.85"
"1030291","2023-02-01","B","77.50"
"1030292","2023-01-27","A","74.65"
"1030293","2023-01-29","A","53.74"
"1030317","2023-01-26","B","59.62"
"1030319","2023-01-25","B","148.00"
"1030334","2023-01-28","A","78.60"
"1030359","2023-01-25","B","91.09"
"1030428","2023-01-30","A","55.39"
"1030458","2023-01-25","B","40.97"
"1030470","2023-02-03","A","72.83"
"1030480","2023-01-26","B","21.42"
"1030499","2023-01-25","B","80.37"
"1030502","2023-01-29","B","67.49"
"1030615","2023-02-06","B","29.70"
"1030623","2023-01-25","A","27.18"
"1030624","2023-01-30","B","6.35"
"1030642","2023-02-01","A","70.80"
"1030647","2023-01-25","B","97.33"
"1030673","2023-01-25","A","72.91"
"1030680","2023-01-29","A","15.86"
"1030697","2023-01-28","A","70.82"
"1030735","2023-01-26","B","92.85"
"1030777","2023-01-27","A","149.96"
"1030790","2023-01-28","B","35.29"
"1030815","2023-01-25","B","116.19"
"1030836","2023-01-25","A","126.30"
"1030844","2023-01-27","B","33.75"
"1030869","2023-01-30","B","42.42"
"1030901","2023-01-26","B","20.67"
"1030904","2023-01-31","B","42.98"
"1030934","2023-02-02","B","77.51"
"1030941","2023-01-25","B","69.61"
"1030971","2023-01-25","A","75.59"
"1030983","2023-02-01","B","20.04"
"1030986","2023-01-30","B","59.59"
"1031028","2023-01-28","B","49.01"
"1031053","2023-01-27","A","109.69"
"1031098","2023-01-30","B","47.98"
"1031120","2023-01-29","A","38.48"
"1031137","2023-02-05","A","42.69"
"1031157","2023-01-29","A","110.67"
"1031188","2023-02-06","A","92.72"
"1031208","2023-02-06","A","49.04"
"1031208","2023-02-05","A","50.56"
"1031218","2023-01-27","A","109.20"
"1031239","2023-01-25","B","109.53"
"1031240","2023-01-30","A","103.06"
"1031254","2023-02-01","A","123.25"
"1031273","2023-01-26","B","38.10"
"1031277","2023-01-25","B","26.03"
"1031305","2023-01-25","B","67.24"
"1031344","2023-01-27","B","35.94"
"1031383","2023-02-04","A","40.65"
"1031387","2023-01-29","A","86.11"
"1031412","2023-02-02","A","22.39"
"1031476","2023-01-26","B","46.13"
"1031504","2023-01-25","A","35.47"
"1031544","2023-01-26","A","80.88"
"1031570","2023-01-25","B","23.55"
"1031580","2023-01-31","A","65.57"
"1031596","2023-02-01","A","122.85"
"1031597","2023-02-06","A","36.01"
"1031608","2023-01-31","B","77.28"
"1031635","2023-01-26","B","30.77"
"1031637","2023-01-31","A","88.75"
"1031649","2023-01-26","B","19.69"
"1031672","2023-01-25","A","14.43"
"1031692","2023-01-27","A","96.00"
"1031698","2023-02-03","B","9.18"
"1031703","2023-01-26","A","54.44"
"1031730","2023-01-29","A","48.99"
"1031736","2023-02-03","B","59.24"
"1031756","2023-01-26","B","10.75"
"1031763","2023-01-25","A","105.70"
"1031801","2023-01-31","A","53.30"
"1031815","2023-01-25","B","22.12"
"1031823","2023-01-28","B","111.57"
"1031836","2023-01-26","B","9.14"
"1031850","2023-02-02","B","32.89"
"1031855","2023-01-25","B","26.20"
"1031917","2023-01-25","B","67.72"
"1031928","2023-01-26","A","86.56"
"1031938","2023-01-31","B","8.28"
"1031941","2023-02-04","B","56.36"
"1031965","2023-01-27","A","28.53"
"1032045","2023-02-05","A","168.01"
"1032050","2023-02-02","A","69.46"
"1032056","2023-02-06","B","39.04"
"1032065","2023-01-29","A","80.41"
"1032065","2023-01-25","A","82.91"
"1032083","2023-01-25","A","93.91"
"1032121","2023-01-27","B","30.65"
"1032121","2023-01-26","B","65.94"
"1032122","2023-01-28","B","32.41"
"1032138","2023-02-01","A","76.98"
"1032141","2023-02-02","A","128.52"
"1032165","2023-01-27","B","75.93"
"1032228","2023-01-27","A","20.24"
"1032249","2023-01-28","A","88.50"
"1032254","2023-02-01","A","156.76"
"1032265","2023-01-28","B","38.92"
"1032330","2023-01-29","B","35.83"
"1032365","2023-01-27","B","8.83"
"1032380","2023-02-06","B","67.92"
"1032382","2023-01-26","B","17.35"
"1032430","2023-01-29","B","37.50"
"1032466","2023-01-25","A","128.10"
"1032555","2023-01-26","A","180.32"
"1032588","2023-01-25","B","106.32"
"1032589","2023-02-05","B","15.61"
"1032604","2023-02-04","A","159.02"
"1032608","2023-01-26","A","98.87"
"1032615","2023-01-25","A","56.90"
"1032680","2023-01-26","A","58.79"
"1032700","2023-02-02","A","25.13"
"1032725","2023-01-25","B","32.73"
"1032735","2023-01-27","A","166.06"
"1032793","2023-02-06","A","204.69"
"1032823","2023-02-06","B","51.30"
"1032843","2023-01-26","B","58.83"
"1032856","2023-01-27","B","63.53"
"1032927","2023-01-26","A","62.82"
"1032941","2023-01-27","B","43.45"
"1033052","2023-01-26","B","58.15"
"1033075","2023-01-26","A","29.20"
"1033117","2023-02-05","B","9.46"
"1033117","2023-02-04","B","20.47"
"1033161","2023-01-30","A","134.09"
"1033177","2023-02-01","A","41.32"
"1033206","2023-01-27","B","25.12"
"1033211","2023-01-25","B","69.87"
"1033247","2023-01-26","B","66.44"
"1033250","2023-01-25","A","168.85"
"1033285","2023-02-02","B","27.82"
"1033298","2023-01-25","B","13.93"
"1033328","2023-01-25","A","80.88"
"1033347","2023-02-02","B","38.16"
"1033360","2023-01-30","B","62.18"
"1033380","2023-01-26","B","26.10"
"1033394","2023-01-25","B","58.70"
"1033442","2023-01-26","B","18.49"
"1033448","2023-01-30","A","40.24"
"1033470","2023-01-29","B","77.61"
"1033474","2023-02-01","B","91.66"
"1033487","2023-01-26","B","87.36"
"1033496","2023-01-30","B","38.97"
"1033518","2023-01-26","B","48.41"
"1033523","2023-02-03","A","174.00"
"1033557","2023-02-04","B","38.90"
"1033604","2023-01-28","A","62.09"
"1033604","2023-01-25","A","84.91"
"1033644","2023-01-26","A","41.30"
"1033706","2023-02-01","A","98.17"
"1033710","2023-01-27","B","27.56"
"1033728","2023-01-26","A","135.82"
"1033734","2023-02-01","B","66.86"
"1033831","2023-01-25","B","83.88"
"1033838","2023-01-26","B","46.12"
"1033857","2023-01-25","B","84.03"
"1033863","2023-01-25","A","23.31"
"1033892","2023-02-01","A","80.73"
"1033981","2023-01-26","B","126.51"
"1033983","2023-01-31","B","18.49"
"1033989","2023-01-25","A","34.54"
"1034005","2023-01-31","B","11.80"
"1034005","2023-01-27","B","19.30"
"1034029","2023-01-31","A","106.53"
"1034036","2023-01-29","A","14.62"
"1034129","2023-02-05","B","26.11"
"1034133","2023-01-25","B","66.60"
"1034148","2023-01-27","A","64.41"
"1034161","2023-01-30","B","48.90"
"1034168","2023-01-26","B","70.46"
"1034200","2023-01-27","B","35.00"
"1034225","2023-01-25","B","58.53"
"1034257","2023-02-06","B","97.92"
"1034321","2023-01-30","A","69.79"
"1034338","2023-01-25","B","47.42"
"1034444","2023-01-28","B","57.10"
"1034447","2023-02-02","B","45.15"
"1034464","2023-01-28","B","115.61"
"1034524","2023-01-27","B","25.61"
"1034578","2023-01-27","A","61.61"
"1034599","2023-01-26","A","55.74"
"1034638","2023-01-28","A","111.76"
"1034737","2023-02-03","A","33.53"
"1034752","2023-01-31","B","64.40"
"1034818","2023-01-25","B","28.34"
"1034831","2023-01-25","B","121.52"
"1034844","2023-01-25","A","28.52"
"1034863","2023-01-26","A","49.17"
"1034864","2023-01-28","A","107.53"
"1034993","2023-01-26","A","40.26"
"1034993","2023-01-25","A","49.63"
"1035018","2023-01-30","B","188.95"
"1035025","2023-02-01","B","44.95"
"1035026","2023-01-28","A","37.03"
"1035047","2023-01-29","A","54.01"
"1035052","2023-01-25","B","248.97"
"1035057","2023-01-31","B","1.94"
"1035057","2023-01-28","B","12.26"
"1035067","2023-01-26","B","86.64"
"1035069","2023-01-31","A","111.25"
"1035073","2023-01-25","B","188.31"
"1035081","2023-02-02","B","43.98"
"1035089","2023-01-26","B","32.89"
"1035112","2023-01-26","B","26.95"
"1035115","2023-01-25","B","1.44"
"1035132","2023-02-04","B","217.72"
"1035145","2023-01-25","B","47.23"
"1035194","2023-02-05","A","126.86"
"1035202","2023-01-31","A","116.01"
"1035252","2023-01-28","A","46.88"
"1035283","2023-01-29","B","24.09"
"1035284","2023-01-28","B","73.05"
"1035289","2023-02-03","B","96.56"
"1035383","2023-01-26","B","33.41"
"1035407","2023-01-25","B","139.24"
"1035457","2023-01-27","A","40.04"
"1035508","2023-02-01","B","48.31"
"1035511","2023-01-28","A","74.73"
"1035542","2023-02-02","B","60.52"
"1035574","2023-01-28","B","39.30"
"1035619","2023-01-28","A","50.90"
"1035682","2023-01-29","A","95.11"
"1035747","2023-01-26","B","44.67"
"1035770","2023-01-27","B","40.81"
"1035771","2023-02-02","A","18.16"
"1035771","2023-02-01","A","21.15"
"1035832","2023-02-03","A","33.85"
"1035837","2023-01-28","B","20.65"
"1035860","2023-01-26","B","43.00"
"1035885","2023-01-28","A","215.49"
"1035887","2023-01-30","A","73.25"
"1035888","2023-02-02","B","9.72"
"1035892","2023-01-25","B","40.69"
"1035916","2023-01-25","B","49.41"
"1035948","2023-01-28","B","42.03"
"1035953","2023-01-25","B","104.70"
"1035978","2023-01-26","B","14.07"
"1036075","2023-02-01","A","136.40"
"1036125","2023-01-28","A","126.81"
"1036126","2023-01-25","A","75.31"
"1036174","2023-01-26","A","195.46"
"1036182","2023-01-26","A","132.00"
"1036211","2023-02-04","B","42.32"
"1036236","2023-01-27","B","25.52"
"1036281","2023-01-27","B","267.80"
"1036286","2023-01-27","A","65.54"
"1036377","2023-01-29","A","60.27"
"1036379","2023-01-26","A","88.32"
"1036427","2023-01-25","B","93.88"
"1036447","2023-01-25","B","3.78"
"1036452","2023-01-28","A","138.89"
"1036466","2023-02-04","B","69.04"
"1036494","2023-01-31","B","21.68"
"1036549","2023-01-26","B","130.07"
"1036568","2023-01-25","B","41.58"
"1036575","2023-02-06","B","8.69"
"1036611","2023-01-26","A","120.98"
"1036615","2023-01-30","A","88.61"
"1036624","2023-02-04","A","96.96"
"1036673","2023-01-29","B","36.96"
"1036693","2023-01-25","B","88.96"
"1036737","2023-01-25","A","47.33"
"1036749","2023-01-31","B","24.52"
"1036756","2023-01-27","B","94.80"
"1036788","2023-02-03","B","82.73"
"1036803","2023-01-26","B","109.58"
"1036805","2023-01-25","A","62.09"
"1036842","2023-01-26","B","52.96"
"1036849","2023-01-30","A","57.35"
"1036867","2023-01-28","B","90.99"
"1036896","2023-02-04","B","51.09"
"1036896","2023-02-03","B","53.79"
"1036929","2023-01-30","A","27.07"
"1036967","2023-02-01","B","41.53"
"1037000","2023-01-27","B","35.49"
"1037062","2023-01-29","A","142.72"
"1037101","2023-01-28","A","0.82"
"1037101","2023-01-27","A","53.33"
"1037136","2023-01-28","A","72.96"
"1037141","2023-01-27","B","105.19"
"1037144","2023-01-27","A","90.63"
"1037156","2023-02-02","A","26.89"
"1037159","2023-01-31","B","54.44"
"1037204","2023-01-27","B","39.94"
"1037215","2023-01-31","A","104.44"
"1037215","2023-01-30","A","80.31"
"1037220","2023-01-25","A","65.92"
"1037243","2023-01-27","B","91.16"
"1037255","2023-01-26","B","30.04"
"1037261","2023-01-29","B","94.34"
"1037296","2023-01-31","A","110.28"
"1037296","2023-01-27","A","133.28"
"1037304","2023-01-28","B","49.45"
"1037385","2023-01-28","A","106.92"
"1037406","2023-02-04","B","9.89"
"1037419","2023-01-25","B","36.43"
"1037457","2023-01-28","A","107.42"
"1037474","2023-01-25","B","67.24"
"1037475","2023-01-30","B","63.83"
"1037488","2023-02-01","B","52.32"
"1037494","2023-01-28","A","125.92"
"1037502","2023-01-31","A","13.03"
"1037502","2023-01-29","A","76.99"
"1037516","2023-01-31","A","34.23"
"1037523","2023-01-26","B","31.55"
"1037587","2023-01-25","B","56.02"
"1037611","2023-01-28","B","23.14"
"1037656","2023-01-29","B","51.55"
"1037672","2023-01-26","B","14.63"
"1037673","2023-01-26","A","188.80"
"1037680","2023-02-04","B","81.77"
"1037691","2023-01-25","B","154.34"
"1037712","2023-02-03","A","74.61"
"1037715","2023-01-28","A","58.32"
"1037734","2023-01-28","A","25.35"
"1037772","2023-02-06","B","33.34"
"1037783","2023-02-06","A","46.74"
"1037803","2023-01-26","B","41.57"
"1037839","2023-02-04","B","45.80"
"1037863","2023-01-25","B","80.82"
"1037883","2023-01-27","A","237.45"
"1037888","2023-02-02","A","50.24"
"1037896","2023-01-25","A","57.62"
"1037910","2023-01-26","A","95.12"
"1037954","2023-01-28","B","60.17"
"1038005","2023-01-25","B","59.91"
"1038018","2023-01-25","B","34.38"
"1038025","2023-01-25","A","11.93"
"1038031","2023-01-28","B","70.38"
"1038039","2023-01-25","B","36.47"
"1038051","2023-01-28","A","61.87"
"1038060","2023-02-04","B","43.85"
"1038098","2023-01-28","B","579.10"
"1038119","2023-01-29","A","60.83"
"1038126","2023-01-30","A","38.86"
"1038144","2023-01-28","A","22.60"
"1038177","2023-01-28","B","19.97"
"1038233","2023-02-01","B","47.59"
"1038280","2023-02-02","B","36.58"
"1038280","2023-01-30","B","25.15"
"1038282","2023-01-27","B","176.86"
"1038289","2023-02-05","A","74.07"
"1038336","2023-01-25","B","77.63"
"1038341","2023-01-31","A","72.89"
"1038379","2023-02-05","B","107.36"
"1038380","2023-01-26","A","94.05"
"1038387","2023-02-01","A","28.50"
"1038396","2023-02-02","B","29.95"
"1038396","2023-01-30","B","52.42"
"1038421","2023-01-28","B","45.47"
"1038439","2023-01-25","A","200.89"
"1038490","2023-01-28","A","85.13"
"1038524","2023-01-30","A","47.96"
"1038528","2023-01-30","B","89.39"
"1038566","2023-01-27","A","19.58"
"1038571","2023-01-26","A","46.95"
"1038575","2023-02-04","A","38.86"
"1038579","2023-01-25","B","23.90"
"1038588","2023-01-25","A","13.15"
"1038594","2023-01-28","B","23.77"
"1038608","2023-01-30","B","36.23"
"1038631","2023-02-05","B","22.67"
"1038646","2023-01-27","A","42.05"
"1038651","2023-01-25","B","46.06"
"1038733","2023-02-03","B","35.00"
"1038733","2023-02-01","B","90.78"
"1038750","2023-01-25","B","45.49"
"1038756","2023-01-27","A","174.74"
"1038758","2023-02-05","A","26.28"
"1038789","2023-01-26","A","37.06"
"1038805","2023-01-25","B","22.15"
"1038825","2023-01-31","A","37.97"
"1038825","2023-01-29","A","57.59"
"1038848","2023-01-29","A","87.34"
"1038852","2023-01-30","B","53.40"
"1038905","2023-01-31","A","84.08"
"1038905","2023-01-26","A","109.62"
"1038929","2023-02-02","B","95.84"
"1038975","2023-01-29","B","36.70"
"1038986","2023-01-30","B","51.17"
"1039003","2023-01-28","A","29.36"
"1039030","2023-01-26","B","17.21"
"1039062","2023-01-27","A","127.82"
"1039136","2023-01-26","A","87.11"
"1039148","2023-02-03","A","31.16"
"1039156","2023-01-28","B","12.08"
"1039161","2023-01-31","A","31.08"
"1039175","2023-01-27","B","83.08"
"1039195","2023-01-29","B","9.50"
"1039244","2023-01-26","B","48.86"
"1039260","2023-01-26","B","51.39"
"1039274","2023-01-27","B","96.09"
"1039304","2023-01-26","A","42.35"
"1039317","2023-01-25","A","24.93"
"1039331","2023-01-26","A","18.00"
"1039368","2023-01-26","B","53.22"
"1039384","2023-01-27","A","53.32"
"1039401","2023-01-29","A","45.30"
"1039543","2023-01-25","B","105.55"
"1039566","2023-02-06","B","28.06"
"1039606","2023-01-29","B","84.54"
"1039688","2023-01-27","B","67.63"
"1039715","2023-01-28","B","36.71"
"1039750","2023-01-28","A","38.04"
"1039797","2023-01-26","B","97.49"
"1039816","2023-01-25","A","111.66"
"1039865","2023-01-28","A","27.22"
"1039887","2023-01-27","B","47.06"
"1039909","2023-01-31","B","161.54"
"1039936","2023-01-25","B","95.47"
"1040039","2023-01-25","A","30.53"
"1040066","2023-01-29","B","22.50"
"1040145","2023-01-31","B","138.39"
"1040267","2023-01-25","A","74.24"
"1040303","2023-01-29","B","17.64"
"1040319","2023-01-29","A","83.85"
"1040329","2023-01-26","A","63.51"
"1040335","2023-01-31","A","97.67"
"1040374","2023-02-06","A","6.61"
"1040374","2023-02-03","A","26.64"
"1040392","2023-01-26","B","58.94"
"1040429","2023-02-01","A","43.63"
"1040462","2023-02-03","B","37.88"
"1040474","2023-01-27","B","44.43"
"1040474","2023-01-26","B","60.43"
"1040512","2023-01-31","B","90.40"
"1040522","2023-02-01","A","22.36"
"1040522","2023-01-31","A","94.36"
"1040548","2023-01-28","B","71.61"
"1040565","2023-02-01","A","40.37"
"1040570","2023-01-27","B","85.94"
"1040626","2023-01-28","A","42.56"
"1040652","2023-01-29","A","196.70"
"1040660","2023-01-26","A","85.88"
"1040677","2023-01-25","A","84.44"
"1040680","2023-01-27","A","40.62"
"1040687","2023-01-27","A","94.11"
"1040722","2023-02-03","B","29.12"
"1040722","2023-01-30","B","32.97"
"1040747","2023-02-03","A","48.36"
"1040761","2023-01-30","B","50.05"
"1040816","2023-01-27","A","54.75"
"1040824","2023-01-31","B","39.51"
"1040840","2023-02-05","B","92.38"
"1040844","2023-01-27","A","161.80"
"1040872","2023-02-01","B","48.63"
"1040876","2023-01-29","A","34.78"
"1040886","2023-01-27","A","68.02"
"1041010","2023-01-28","A","44.52"
"1041018","2023-01-30","B","23.28"
"1041035","2023-01-29","A","63.79"
"1041077","2023-01-26","A","16.70"
"1041137","2023-01-26","A","135.91"
"1041210","2023-02-03","A","151.30"
"1041236","2023-01-26","B","30.62"
"1041273","2023-01-27","B","170.49"
"1041343","2023-01-25","B","228.20"
"1041346","2023-01-30","A","62.70"
"1041356","2023-02-04","A","82.01"
"1041356","2023-02-02","A","71.92"
"1041367","2023-02-02","A","26.09"
"1041401","2023-01-27","A","30.68"
"1041405","2023-01-30","B","19.23"
"1041435","2023-02-02","A","110.96"
"1041445","2023-01-27","B","153.55"
"1041459","2023-01-28","B","69.48"
"1041473","2023-02-02","A","65.89"
"1041500","2023-01-25","A","78.86"
"1041527","2023-01-31","A","50.05"
"1041529","2023-01-26","B","79.36"
"1041568","2023-01-31","B","50.70"
"1041583","2023-02-02","B","72.83"
"1041617","2023-02-06","B","123.55"
"1041762","2023-01-27","B","87.89"
"1041787","2023-01-26","A","1659.40"
"1041807","2023-01-25","B","18.57"
"1041838","2023-02-05","A","42.08"
"1041838","2023-02-02","A","90.56"
"1041862","2023-01-30","B","31.86"
"1041865","2023-01-27","B","125.46"
"1041892","2023-02-01","A","5.56"
"1041905","2023-01-26","B","29.22"
"1041923","2023-02-04","A","38.63"
"1041944","2023-01-28","B","23.49"
"1041988","2023-01-31","A","90.88"
"1042039","2023-01-28","A","73.61"
"1042092","2023-01-25","A","63.27"
"1042128","2023-02-05","A","23.10"
"1042128","2023-02-03","A","73.63"
"1042173","2023-02-02","B","52.93"
"1042184","2023-01-28","A","71.32"
"1042214","2023-01-27","B","41.29"
"1042216","2023-02-02","A","14.62"
"1042216","2023-01-30","A","21.80"
"1042254","2023-02-06","A","51.27"
"1042262","2023-01-27","A","76.20"
"1042285","2023-02-06","B","48.27"
"1042285","2023-02-05","B","99.28"
"1042287","2023-01-26","A","109.23"
"1042306","2023-01-30","A","100.80"
"1042322","2023-01-27","A","46.82"
"1042359","2023-01-29","A","96.44"
"1042373","2023-01-29","A","16.49"
"1042396","2023-01-29","B","127.74"
"1042411","2023-01-28","B","162.86"
"1042423","2023-01-28","B","89.24"
"1042424","2023-02-05","B","262.29"
"1042470","2023-02-02","B","89.25"
"1042494","2023-01-26","B","34.81"
"1042607","2023-01-27","A","52.61"
"1042633","2023-01-27","B","18.38"
"1042672","2023-01-25","A","18.10"
"1042697","2023-01-26","B","92.64"
"1042741","2023-02-05","B","127.55"
"1042745","2023-02-04","A","161.44"
"1042775","2023-01-25","A","45.57"
"1042836","2023-01-25","B","22.26"
"1042864","2023-02-06","A","63.35"
"1042868","2023-01-26","B","39.24"
"1042884","2023-01-25","A","86.65"
"1042889","2023-01-31","A","41.58"
"1042891","2023-01-27","B","34.10"
"1042915","2023-01-26","B","97.38"
"1042936","2023-01-25","A","151.75"
"1042953","2023-01-25","A","27.34"
"1042958","2023-02-06","B","43.70"
"1042972","2023-01-25","A","14.60"
"1042989","2023-02-04","B","40.41"
"1043043","2023-01-28","A","89.92"
"1043062","2023-01-26","A","158.36"
"1043070","2023-01-25","A","89.09"
"1043134","2023-01-26","B","59.79"
"1043139","2023-01-31","B","30.79"
"1043175","2023-01-27","A","53.83"
"1043302","2023-02-05","B","75.00"
"1043307","2023-01-26","A","45.92"
"1043319","2023-01-26","B","37.76"
"1043347","2023-02-01","A","35.29"
"1043386","2023-02-01","A","60.28"
"1043395","2023-02-06","A","68.84"
"1043407","2023-01-25","B","151.43"
"1043464","2023-01-31","B","44.89"
"1043465","2023-01-26","B","38.21"
"1043470","2023-02-04","B","45.72"
"1043491","2023-02-02","A","82.21"
"1043497","2023-02-04","B","59.27"
"1043531","2023-01-27","B","17.54"
"1043533","2023-01-29","B","85.71"
"1043539","2023-01-27","B","38.77"
"1043540","2023-01-30","A","70.21"
"1043573","2023-01-26","B","97.69"
"1043628","2023-01-28","A","65.78"
"1043645","2023-01-30","B","178.14"
"1043648","2023-01-25","A","82.57"
"1043666","2023-01-27","B","7.52"
"1043685","2023-01-28","A","68.07"
"1043711","2023-01-31","B","134.19"
"1043746","2023-02-04","A","74.05"
"1043748","2023-01-29","A","30.02"
"1043749","2023-02-01","A","61.65"
"1043758","2023-01-26","B","24.60"
"1043763","2023-02-06","B","9.43"
"1043763","2023-02-04","B","12.57"
"1043811","2023-02-06","B","8.55"
"1043833","2023-01-27","A","30.20"
"1043835","2023-02-01","A","425.40"
"1043855","2023-01-26","A","98.13"
"1043895","2023-02-05","A","49.13"
"1043919","2023-01-30","A","146.86"
"1043922","2023-01-25","A","54.91"
"1043951","2023-01-28","B","18.40"
"1043953","2023-01-29","B","72.06"
"1043954","2023-02-05","B","21.31"
"1043963","2023-01-28","B","55.44"
"1043975","2023-01-25","A","54.15"
"1044036","2023-01-26","B","76.29"
"1044066","2023-01-27","B","185.26"
"1044067","2023-01-26","B","73.41"
"1044072","2023-01-28","B","114.80"
"1044074","2023-01-27","B","28.12"
"1044101","2023-01-25","A","229.02"
"1044133","2023-02-04","B","33.95"
"1044167","2023-01-26","B","39.36"
"1044176","2023-02-04","A","92.10"
"1044190","2023-01-31","B","7.30"
"1044190","2023-01-30","B","58.97"
"1044235","2023-01-31","B","37.14"
"1044238","2023-01-29","A","109.89"
"1044255","2023-01-31","A","147.24"
"1044267","2023-01-28","A","48.10"
"1044284","2023-02-05","B","70.78"
"1044360","2023-02-06","B","17.12"
"1044360","2023-02-05","B","42.05"
"1044364","2023-01-27","B","23.05"
"1044373","2023-01-28","A","45.49"
"1044387","2023-01-25","B","31.99"
"1044398","2023-01-25","A","62.94"
"1044441","2023-02-02","A","71.69"
"1044458","2023-01-25","B","95.93"
"1044459","2023-01-29","A","99.26"
"1044463","2023-01-25","A","27.64"
"1044528","2023-01-26","A","37.45"
"1044533","2023-01-27","A","95.41"
"1044543","2023-02-06","B","351.50"
"1044585","2023-01-28","B","54.75"
"1044625","2023-01-28","A","16.07"
"1044694","2023-01-26","B","190.91"
"1044703","2023-02-04","B","68.49"
"1044718","2023-01-25","A","21.79"
"1044735","2023-01-27","B","32.07"
"1044737","2023-01-25","B","16.38"
"1044775","2023-01-28","B","62.53"
"1044777","2023-01-30","A","97.66"
"1044785","2023-02-04","B","14.43"
"1044804","2023-01-29","B","53.65"
"1044812","2023-02-02","A","171.50"
"1044813","2023-01-27","A","111.98"
"1044815","2023-01-30","A","21.16"
"1044815","2023-01-27","A","56.36"
"1044819","2023-02-04","B","31.85"
"1044839","2023-02-02","B","110.70"
"1044844","2023-01-30","B","93.78"
"1044858","2023-01-27","B","33.99"
"1044865","2023-01-28","B","37.75"
"1044901","2023-01-25","A","64.63"
"1044910","2023-01-26","B","69.91"
"1044917","2023-01-25","B","31.05"
"1044965","2023-02-01","B","58.79"
"1044992","2023-01-27","B","139.33"
"1045016","2023-01-27","B","48.65"
"1045020","2023-01-26","B","77.61"
"1045027","2023-01-25","A","90.40"
"1045048","2023-02-01","A","40.63"
"1045058","2023-01-25","B","146.78"
"1045064","2023-01-30","A","70.70"
"1045065","2023-01-28","B","48.43"
"1045080","2023-02-05","A","61.68"
"1045082","2023-01-29","B","75.16"
"1045091","2023-01-26","A","41.79"
"1045094","2023-01-27","A","21.20"
"1045128","2023-02-01","B","20.87"
"1045206","2023-01-27","A","13.08"
"1045210","2023-02-05","B","87.92"
"1045250","2023-01-31","A","176.86"
"1045330","2023-01-26","B","114.48"
"1045345","2023-01-26","A","78.90"
"1045347","2023-01-26","B","188.52"
"1045384","2023-01-26","B","22.38"
"1045399","2023-01-26","B","17.45"
"1045400","2023-02-06","B","26.72"
"1045416","2023-02-04","B","20.48"
"1045426","2023-01-26","B","57.73"
"1045454","2023-01-30","B","56.32"
"1045456","2023-01-25","B","93.16"
"1045489","2023-01-30","B","80.40"
"1045519","2023-02-01","B","21.75"
"1045538","2023-01-25","A","129.67"
"1045561","2023-01-25","A","40.74"
"1045566","2023-01-29","B","35.13"
"1045583","2023-01-25","A","105.74"
"1045599","2023-01-31","A","40.49"
"1045599","2023-01-27","A","48.40"
"1045615","2023-02-03","A","39.09"
"1045615","2023-01-31","A","156.71"
"1045618","2023-01-26","A","124.86"
"1045642","2023-01-30","B","55.90"
"1045644","2023-02-03","A","60.62"
"1045677","2023-01-25","B","62.51"
"1045701","2023-01-29","A","29.12"
"1045726","2023-01-28","A","102.38"
"1045742","2023-01-29","B","49.05"
"1045759","2023-01-26","B","115.07"
"1045765","2023-01-28","B","60.20"
"1045773","2023-01-28","A","16.41"
"1045788","2023-01-25","A","10.90"
"1045841","2023-01-26","A","7.95"
"1045841","2023-01-25","A","39.64"
"1045871","2023-01-25","B","18.39"
"1045878","2023-01-30","B","45.27"
"1045885","2023-01-27","A","102.81"
"1045900","2023-01-28","B","92.77"
"1045960","2023-02-04","A","77.90"
"1045978","2023-01-25","B","94.39"
"1046056","2023-01-26","B","36.35"
"1046059","2023-01-25","B","63.27"
"1046097","2023-01-30","B","75.37"
"1046139","2023-01-26","B","46.65"
"1046160","2023-02-06","B","43.63"
"1046160","2023-02-05","B","77.78"
"1046167","2023-01-30","A","71.87"
"1046243","2023-02-05","A","62.18"
"1046264","2023-02-01","B","109.60"
"1046286","2023-01-28","A","18.05"
"1046340","2023-01-27","A","58.53"
"1046351","2023-01-26","B","59.91"
"1046359","2023-01-25","A","78.41"
"1046379","2023-01-28","B","55.38"
"1046409","2023-01-26","A","136.63"
"1046415","2023-02-04","B","49.97"
"1046431","2023-01-26","B","52.48"
"1046442","2023-01-29","A","51.63"
"1046443","2023-01-27","A","72.32"
"1046450","2023-01-30","B","120.68"
"1046454","2023-01-30","B","50.29"
"1046463","2023-01-26","A","84.14"
"1046487","2023-02-04","A","41.66"
"1046526","2023-01-26","B","38.55"
"1046550","2023-01-27","B","37.96"
"1046563","2023-01-26","B","13.43"
"1046581","2023-02-04","A","333.79"
"1046638","2023-02-03","B","86.90"
"1046703","2023-01-26","A","33.96"
"1046715","2023-01-31","B","44.76"
"1046717","2023-01-25","B","28.11"
"1046774","2023-01-25","B","67.49"
"1046778","2023-01-27","A","95.62"
"1046864","2023-02-03","A","9.75"
"1046864","2023-02-01","A","29.09"
"1046900","2023-01-30","A","80.14"
"1046912","2023-02-01","A","92.29"
"1046947","2023-01-26","A","34.90"
"1046967","2023-02-01","A","33.90"
"1046994","2023-01-25","B","55.73"
"1047003","2023-02-03","B","94.07"
"1047007","2023-02-05","B","51.34"
"1047007","2023-01-31","B","47.79"
"1047029","2023-02-01","B","113.45"
"1047029","2023-01-31","B","116.36"
"1047051","2023-01-25","B","28.27"
"1047053","2023-01-27","B","31.39"
"1047062","2023-01-25","B","60.40"
"1047082","2023-02-03","A","60.94"
"1047092","2023-02-02","A","27.12"
"1047096","2023-02-05","A","45.39"
"1047124","2023-01-28","B","59.18"
"1047127","2023-01-26","A","95.05"
"1047128","2023-02-01","B","66.14"
"1047128","2023-01-31","B","170.87"
"1047136","2023-01-27","B","67.68"
"1047163","2023-01-29","A","97.57"
"1047169","2023-01-26","B","76.16"
"1047193","2023-01-25","B","60.44"
"1047194","2023-01-26","A","180.65"
"1047196","2023-02-01","A","98.66"
"1047241","2023-01-25","A","99.13"
"1047263","2023-01-25","B","34.96"
"1047303","2023-01-25","A","25.99"
"1047318","2023-01-29","A","20.86"
"1047318","2023-01-28","A","28.33"
"1047334","2023-01-29","A","56.01"
"1047400","2023-02-03","B","27.63"
"1047411","2023-01-26","A","64.94"
"1047459","2023-02-02","B","100.72"
"1047464","2023-01-26","B","45.17"
"1047471","2023-01-26","B","60.15"
"1047495","2023-02-01","A","29.12"
"1047512","2023-01-25","A","97.59"
"1047514","2023-01-25","A","34.37"
"1047532","2023-01-25","B","37.70"
"1047533","2023-01-26","A","3.17"
"1047570","2023-01-25","B","115.09"
"1047622","2023-01-28","A","56.75"
"1047635","2023-01-30","B","125.30"
"1047639","2023-02-01","A","176.67"
"1047661","2023-01-28","A","41.16"
"1047661","2023-01-27","A","69.01"
"1047664","2023-01-26","A","47.90"
"1047670","2023-02-03","B","1.69"
"1047670","2023-02-01","B","65.46"
"1047709","2023-01-27","A","144.48"
"1047738","2023-01-28","A","46.94"
"1047741","2023-01-31","B","3.53"
"1047741","2023-01-27","B","44.77"
"1047750","2023-02-06","B","7.02"
"1047770","2023-02-01","B","3.67"
"1047770","2023-01-31","B","156.64"
"1047771","2023-01-26","A","86.60"
"1047780","2023-01-25","A","89.07"
"1047785","2023-01-30","B","24.89"
"1047793","2023-02-03","B","30.51"
"1047807","2023-02-01","A","55.28"
"1047911","2023-01-25","B","53.70"
"1047916","2023-01-28","B","38.63"
"1047939","2023-01-31","B","26.96"
"1047965","2023-01-26","A","44.72"
"1048027","2023-01-31","A","44.63"
"1048037","2023-01-25","B","53.27"
"1048057","2023-01-29","B","26.89"
"1048100","2023-01-25","A","64.93"
"1048156","2023-01-25","A","55.24"
"1048243","2023-01-30","B","21.43"
"1048273","2023-01-26","A","118.99"
"1048302","2023-02-02","B","21.61"
"1048302","2023-01-31","B","28.24"
"1048340","2023-01-26","B","67.99"
"1048373","2023-01-25","A","83.52"
"1048415","2023-01-29","B","61.39"
"1048483","2023-02-04","B","54.22"
"1048515","2023-01-29","B","131.65"
"1048538","2023-01-25","A","72.18"
"1048541","2023-01-26","B","375.80"
"1048557","2023-01-25","A","34.45"
"1048571","2023-01-31","B","20.77"
"1048575","2023-01-28","B","41.28"
"1048624","2023-01-27","B","14.37"
"1048673","2023-02-03","B","21.89"
"1048698","2023-01-27","A","43.39"
"1048742","2023-01-25","B","54.67"
"1048757","2023-01-30","A","115.44"
"1048763","2023-02-06","A","28.85"
"1048763","2023-01-31","A","62.72"
"1048808","2023-01-25","B","93.44"
"1048809","2023-02-05","A","64.38"
"1048842","2023-01-28","A","132.19"
"1048857","2023-01-25","A","109.67"
"1048858","2023-02-06","A","26.05"
"1048862","2023-01-27","A","64.80"
"1048938","2023-01-26","A","24.18"
"1048979","2023-01-28","A","65.79"
"1049009","2023-02-01","A","140.57"
"1049010","2023-01-25","A","44.68"
"1049048","2023-02-01","B","13.36"
"1049062","2023-01-25","A","33.65"
"1049091","2023-01-25","B","73.79"
"1049097","2023-01-26","A","119.64"
"1049191","2023-01-29","A","26.33"
"1049191","2023-01-28","A","47.89"
"1049225","2023-01-29","A","28.98"
"1049315","2023-01-25","B","96.08"
"1049319","2023-01-30","B","35.63"
"1049396","2023-02-04","A","48.44"
"1049415","2023-01-29","B","53.14"
"1049443","2023-01-29","B","12.98"
"1049473","2023-01-29","B","142.59"
"1049524","2023-01-27","A","45.48"
"1049589","2023-02-04","B","63.19"
"1049616","2023-02-01","B","23.73"
"1049616","2023-01-29","B","53.03"
"1049653","2023-01-27","A","41.69"
"1049658","2023-01-27","B","61.86"
"1049659","2023-01-25","A","447.60"
"1049698","2023-01-28","B","92.19"
"1049704","2023-01-27","A","405.80"
"1049729","2023-01-25","B","122.73"
"1049747","2023-01-29","A","13.52"
"1049747","2023-01-26","A","42.86"
"1049766","2023-02-05","B","61.07"
"1049819","2023-01-30","A","25.90"
"1049834","2023-02-04","A","160.35"
"1049874","2023-01-26","A","29.89"
"1049880","2023-01-26","A","186.69"
"1049891","2023-01-26","B","47.14"
"1049894","2023-01-25","A","34.05"
"1049927","2023-01-25","A","52.03"
"1049973","2023-01-31","B","85.93"